open_time,equity,drawdown,portfolio_return,gross_exposure
2026-03-03 08:45:00+00:00,1.0,0.0,0.0,0.0
2026-03-03 09:00:00+00:00,1.0,0.0,0.0,0.0
2026-03-03 09:15:00+00:00,1.0,0.0,0.0,0.0
2026-03-03 09:30:00+00:00,1.0,0.0,0.0,0.0
2026-03-03 09:45:00+00:00,1.0,0.0,0.0,0.0
2026-03-03 10:00:00+00:00,1.0,0.0,0.0,0.0
2026-03-03 10:15:00+00:00,1.0,0.0,0.0,0.0
2026-03-03 10:30:00+00:00,1.0,0.0,0.0,0.0
2026-03-03 10:45:00+00:00,1.0,0.0,0.0,0.0
2026-03-03 11:00:00+00:00,1.0,0.0,0.0,0.0
2026-03-03 11:15:00+00:00,1.0,0.0,0.0,0.0
2026-03-03 11:30:00+00:00,1.0,0.0,0.0,0.0
2026-03-03 11:45:00+00:00,1.0,0.0,0.0,0.0
2026-03-03 12:00:00+00:00,1.0,0.0,0.0,0.0
2026-03-03 12:15:00+00:00,1.0,0.0,0.0,0.0
2026-03-03 12:30:00+00:00,1.0,0.0,0.0,0.0
2026-03-03 12:45:00+00:00,1.0,0.0,0.0,0.0
2026-03-03 13:00:00+00:00,1.0,0.0,0.0,0.0
2026-03-03 13:15:00+00:00,1.0,0.0,0.0,0.0
2026-03-03 13:30:00+00:00,1.0,0.0,0.0,0.0
2026-03-03 13:45:00+00:00,1.0,0.0,0.0,0.0
2026-03-03 14:00:00+00:00,1.0,0.0,0.0,0.0
2026-03-03 14:15:00+00:00,1.0,0.0,0.0,0.0
2026-03-03 14:30:00+00:00,1.0,0.0,0.0,0.0
2026-03-03 14:45:00+00:00,1.0,0.0,0.0,0.0
2026-03-03 15:00:00+00:00,1.0,0.0,0.0,0.0
2026-03-03 15:15:00+00:00,1.0,0.0,0.0,0.0
2026-03-03 15:30:00+00:00,1.0,0.0,0.0,0.0
2026-03-03 15:45:00+00:00,1.0,0.0,0.0,0.0
2026-03-03 16:00:00+00:00,1.0,0.0,0.0,0.0
2026-03-03 16:15:00+00:00,1.0,0.0,0.0,0.0
2026-03-03 16:30:00+00:00,1.0,0.0,0.0,0.0
2026-03-03 16:45:00+00:00,1.0,0.0,0.0,0.0
2026-03-03 17:00:00+00:00,1.0,0.0,0.0,0.0
2026-03-03 17:15:00+00:00,1.0,0.0,0.0,0.0
2026-03-03 17:30:00+00:00,1.0,0.0,0.0,0.0
2026-03-03 17:45:00+00:00,1.0,0.0,0.0,0.0
2026-03-03 18:00:00+00:00,1.0,0.0,0.0,0.0
2026-03-03 18:15:00+00:00,1.0,0.0,0.0,0.0
2026-03-03 18:30:00+00:00,1.0,0.0,0.0,0.0
2026-03-03 18:45:00+00:00,1.0,0.0,0.0,0.0
2026-03-03 19:00:00+00:00,1.0,0.0,0.0,0.0
2026-03-03 19:15:00+00:00,1.0,0.0,0.0,0.0
2026-03-03 19:30:00+00:00,1.0,0.0,0.0,0.0
2026-03-03 19:45:00+00:00,1.0,0.0,0.0,0.0
2026-03-03 20:00:00+00:00,1.0,0.0,0.0,0.0
2026-03-03 20:15:00+00:00,1.0,0.0,0.0,0.0
2026-03-03 20:30:00+00:00,1.0,0.0,0.0,0.0
2026-03-03 20:45:00+00:00,1.0,0.0,0.0,0.0
2026-03-03 21:00:00+00:00,1.0,0.0,0.0,0.0
2026-03-03 21:15:00+00:00,1.0,0.0,0.0,0.0
2026-03-03 21:30:00+00:00,1.0,0.0,0.0,0.0
2026-03-03 21:45:00+00:00,1.0,0.0,0.0,0.0
2026-03-03 22:00:00+00:00,1.0,0.0,0.0,0.0
2026-03-03 22:15:00+00:00,1.0,0.0,0.0,0.0
2026-03-03 22:30:00+00:00,1.0,0.0,0.0,0.0
2026-03-03 22:45:00+00:00,1.0,0.0,0.0,0.0
2026-03-03 23:00:00+00:00,1.0,0.0,0.0,0.0
2026-03-03 23:15:00+00:00,1.0,0.0,0.0,0.0
2026-03-03 23:30:00+00:00,1.0,0.0,0.0,0.0
2026-03-03 23:45:00+00:00,1.0,0.0,0.0,0.0
2026-03-04 00:00:00+00:00,1.0,0.0,0.0,0.0
2026-03-04 00:15:00+00:00,1.0,0.0,0.0,0.0
2026-03-04 00:30:00+00:00,1.0,0.0,0.0,0.0
2026-03-04 00:45:00+00:00,1.0,0.0,0.0,0.0
2026-03-04 01:00:00+00:00,1.0,0.0,0.0,0.0
2026-03-04 01:15:00+00:00,1.0,0.0,0.0,0.0
2026-03-04 01:30:00+00:00,1.0,0.0,0.0,0.0
2026-03-04 01:45:00+00:00,1.0,0.0,0.0,0.0
2026-03-04 02:00:00+00:00,1.0,0.0,0.0,0.0
2026-03-04 02:15:00+00:00,1.0,0.0,0.0,0.0
2026-03-04 02:30:00+00:00,1.0,0.0,0.0,0.0
2026-03-04 02:45:00+00:00,1.0,0.0,0.0,0.0
2026-03-04 03:00:00+00:00,1.0,0.0,0.0,0.0
2026-03-04 03:15:00+00:00,1.0,0.0,0.0,0.0
2026-03-04 03:30:00+00:00,1.0,0.0,0.0,0.0
2026-03-04 03:45:00+00:00,1.0,0.0,0.0,0.0
2026-03-04 04:00:00+00:00,1.0,0.0,0.0,0.0
2026-03-04 04:15:00+00:00,1.0,0.0,0.0,0.0
2026-03-04 04:30:00+00:00,1.0,0.0,0.0,0.0
2026-03-04 04:45:00+00:00,1.0,0.0,0.0,0.0
2026-03-04 05:00:00+00:00,1.0,0.0,0.0,0.0
2026-03-04 05:15:00+00:00,1.0,0.0,0.0,0.0
2026-03-04 05:30:00+00:00,1.0,0.0,0.0,0.0
2026-03-04 05:45:00+00:00,1.0,0.0,0.0,0.0
2026-03-04 06:00:00+00:00,1.0,0.0,0.0,0.0
2026-03-04 06:15:00+00:00,1.0,0.0,0.0,0.0
2026-03-04 06:30:00+00:00,1.0,0.0,0.0,0.0
2026-03-04 06:45:00+00:00,1.0,0.0,0.0,0.0
2026-03-04 07:00:00+00:00,1.0,0.0,0.0,0.0
2026-03-04 07:15:00+00:00,1.0,0.0,0.0,0.0
2026-03-04 07:30:00+00:00,1.0,0.0,0.0,0.0
2026-03-04 07:45:00+00:00,1.0,0.0,0.0,0.0
2026-03-04 08:00:00+00:00,1.0,0.0,0.0,0.0
2026-03-04 08:15:00+00:00,1.0,0.0,0.0,0.0
2026-03-04 08:30:00+00:00,0.9999,-9.999999999998899e-05,-0.0001,0.2
2026-03-04 08:45:00+00:00,1.0041205410764873,0.0,0.004220963172804515,0.2
2026-03-04 09:00:00+00:00,1.004465847670104,0.0,0.00034388958246632805,0.4
2026-03-04 09:15:00+00:00,1.004603400634113,0.0,0.00013694140455647883,0.6000000000000001
2026-03-04 09:30:00+00:00,1.0079316869225663,0.0,0.0033130350607540214,0.6000000000000001
2026-03-04 09:45:00+00:00,1.0051157827534851,-0.002793745057940167,-0.0027937450579401447,0.6000000000000001
2026-03-04 10:00:00+00:00,1.006054475945428,-0.0018624386964853912,0.0009339154832206377,0.6000000000000001
2026-03-04 10:15:00+00:00,1.0041450336361881,-0.0037568550880066054,-0.001897951209297455,0.6000000000000001
2026-03-04 10:30:00+00:00,1.0017764054637541,-0.006106843885031132,-0.0023588506571175613,0.6000000000000001
2026-03-04 10:45:00+00:00,1.0039687528451855,-0.0039317486778102095,0.0021884597895040162,0.6000000000000001
2026-03-04 11:00:00+00:00,1.005776312403445,-0.002138413294359487,0.0018004141594416547,0.6000000000000001
2026-03-04 11:15:00+00:00,1.0066369423974126,-0.001284555830471823,0.0008556872769364789,0.6000000000000001
2026-03-04 11:30:00+00:00,1.0024134327606815,-0.005474829528113401,-0.004195663261346572,0.6000000000000001
2026-03-04 11:45:00+00:00,1.004173226466452,-0.00372888411474559,0.0017555567875062186,0.4
2026-03-04 12:00:00+00:00,1.003469235141111,-0.004427335542034783,-0.0007010656197420362,0.4
2026-03-04 12:15:00+00:00,1.002014256355748,-0.0058708647060056185,-0.0014499485728214688,0.2
2026-03-04 12:30:00+00:00,1.0019287237687777,-0.005955724213926539,-8.536064874091754e-05,0.2
2026-03-04 12:45:00+00:00,1.0030695478208913,-0.0048238776146825035,0.0011386279533162735,0.2
2026-03-04 13:00:00+00:00,1.0043187711467934,-0.003584484764839524,0.0012454005094820087,0.2
2026-03-04 13:15:00+00:00,1.0057878168879926,-0.002126999341710789,0.0014627285513361345,0.2
2026-03-04 13:30:00+00:00,1.0065461601177044,-0.0013746237198795086,0.0007539793353811942,0.2
2026-03-04 13:45:00+00:00,1.0069661960726846,-0.0009578931413790626,0.00041730421477259583,0.2
2026-03-04 14:00:00+00:00,1.0078048686402077,-0.00012582031501140456,0.0008328706274292053,0.2
2026-03-04 14:15:00+00:00,1.0078327316445936,-9.817657213928577e-05,2.764722145425225e-05,0.2
2026-03-04 14:30:00+00:00,1.0075197254043717,-0.00040871968164069017,-0.0003105736005528879,0.2
2026-03-04 14:45:00+00:00,1.0081721841396472,0.0,0.0006475890434934684,0.2
2026-03-04 15:00:00+00:00,1.0094033783631253,0.0,0.0012212142358688284,0.2
2026-03-04 15:15:00+00:00,1.0129915124460878,0.0,0.003554707820357184,0.2
2026-03-04 15:30:00+00:00,1.012767151092279,-0.00022148394241416902,-0.00022148394241416902,0.2
2026-03-04 15:45:00+00:00,1.0142181563914732,0.0,0.001432713627835547,0.2
2026-03-04 16:00:00+00:00,1.0130845679355573,-0.001117696867061646,-0.0011176968670618015,0.2
2026-03-04 16:15:00+00:00,1.0128602815019203,-0.001338839066324815,-0.00022138964577655962,0.2
2026-03-04 16:30:00+00:00,1.013153839165982,-0.0010493967385458713,0.0002898303639928379,0.2
2026-03-04 16:45:00+00:00,1.0130331024129318,-0.001168440903047685,-0.00011916922029282518,0.2
2026-03-04 17:00:00+00:00,1.0134299981007862,-0.0007771092301198657,0.00039178945575333305,0.2
2026-03-04 17:15:00+00:00,1.011982733227606,-0.0022040851366936787,-0.0014280856851411228,0.2
2026-03-04 17:30:00+00:00,1.0126585436145215,-0.0015377488236857362,0.0006678082191780899,0.2
2026-03-04 17:45:00+00:00,1.0125548495917944,-0.001639989177078749,-0.00010239781551326655,0.2
2026-03-04 18:00:00+00:00,1.011621220941953,-0.0025605294414762225,-0.0009220524203875869,0.2
2026-03-04 18:15:00+00:00,1.0123674206589186,-0.001824790574780688,0.0007376275838407942,0.2
2026-03-04 18:30:00+00:00,1.0121251861026168,-0.0020636292849489646,-0.00023927533754912746,0.2
2026-03-04 18:45:00+00:00,1.012592800408311,-0.0016025703867748042,0.00046201232032854205,0.2
2026-03-04 19:00:00+00:00,1.0140449181246454,-0.00017080966825144817,0.0014340588988476012,0.2
2026-03-04 19:15:00+00:00,1.0139761634899729,-0.00023860044308543493,-6.780235613186303e-05,0.2
2026-03-04 19:30:00+00:00,1.014337223251453,0.0,0.00035608308605339367,0.2
2026-03-04 19:45:00+00:00,1.01341010392079,-0.0009140148950574911,-0.0009140148950575356,0.2
2026-03-04 20:00:00+00:00,1.0138236703634715,-0.0005062940373371516,0.00040809386158815466,0.2
2026-03-04 20:15:00+00:00,1.0142365630851535,-9.923737785810793e-05,0.0004072628542338475,0.2
2026-03-04 20:30:00+00:00,1.0144598497120816,0.0,0.00022015241320914037,0.2
2026-03-04 20:45:00+00:00,1.0129325397801798,-0.001505540049056897,-0.0015055400490569194,0.2
2026-03-04 21:00:00+00:00,1.0113291989557078,-0.0030860272659014587,-0.0015828702914607252,0.4
2026-03-04 21:15:00+00:00,1.0122013620406138,-0.002226295769230058,0.0008623928645654199,0.4
2026-03-04 21:30:00+00:00,1.0128122040333898,-0.001624160561070398,0.000603478730303797,0.4
2026-03-04 21:45:00+00:00,1.0136042751160312,-0.0008433794558682095,0.0007820512820512882,0.4
2026-03-04 22:00:00+00:00,1.0136358448859708,-0.0008122596733075582,3.1146050499897303e-05,0.4
2026-03-04 22:15:00+00:00,1.0137287422407757,-0.0007206864534987645,9.164766150838732e-05,0.2
2026-03-04 22:30:00+00:00,1.0119627246197926,-0.0024615317136480463,-0.0017421007685738622,0.2
2026-03-04 22:45:00+00:00,1.0111083797971467,-0.0033036989249856097,-0.0008442453480358215,0.2
2026-03-04 23:00:00+00:00,1.0110772479109655,-0.003334387065270339,-3.0789860714597244e-05,0.4
2026-03-04 23:15:00+00:00,1.0092989983299376,-0.005087289934252892,-0.0017587672798513698,0.6000000000000001
2026-03-04 23:30:00+00:00,1.01353485451848,-0.0009118105500816043,0.00419682987454788,0.6000000000000001
2026-03-04 23:45:00+00:00,1.0129796973427154,-0.0014590546582856634,-0.0005477435465485403,0.6000000000000001
2026-03-05 00:00:00+00:00,1.0129770532559756,-0.0014616610568932709,-2.610207042241838e-06,0.6000000000000001
2026-03-05 00:15:00+00:00,1.012193762688527,-0.002233786802107396,-0.0007732559833720342,0.6000000000000001
2026-03-05 00:30:00+00:00,1.0127331968227864,-0.001702041623219741,0.0005329356434943368,0.4
2026-03-05 00:45:00+00:00,1.0117537737511573,-0.0026675042503577773,-0.0009671086863765055,0.4
2026-03-05 01:00:00+00:00,1.0138276528742827,-0.0006231856667154867,0.0020497863975701414,0.4
2026-03-05 01:15:00+00:00,1.0127346163415059,-0.0017006423379548607,-0.0010781285454959377,0.4
2026-03-05 01:30:00+00:00,1.0111779358376647,-0.003235134318374855,-0.0015371060480430133,0.2
2026-03-05 01:45:00+00:00,1.0104990081425995,-0.003904384752739354,-0.0006714225765841243,0.2
2026-03-05 02:00:00+00:00,1.012172536324506,-0.0022547106109963577,0.0016561403508772,0.2
2026-03-05 02:15:00+00:00,1.0117049982754331,-0.0027155844929992456,-0.0004619153674832898,0.4
2026-03-05 02:30:00+00:00,1.0104634693415573,-0.003939416992854383,-0.0012271649700181355,0.4
2026-03-05 02:45:00+00:00,1.011870431602267,-0.002552509210245635,0.0013923929992508022,0.4
2026-03-05 03:00:00+00:00,1.011543618240823,-0.0028746642581135573,-0.00032297945590380466,0.4
2026-03-05 03:15:00+00:00,1.0118202480970537,-0.002601977412686196,0.0002734729884527721,0.4
2026-03-05 03:30:00+00:00,1.010190062098468,-0.00420892715943888,-0.0016111419015892416,0.4
2026-03-05 03:45:00+00:00,1.010757823830714,-0.0036492581568587923,0.0005620345651257353,0.4
2026-03-05 04:00:00+00:00,1.010757823830714,-0.0036492581568587923,0.0,0.4
2026-03-05 04:15:00+00:00,1.0129576445324746,-0.001480793133442737,0.0021764072954917335,0.4
2026-03-05 04:30:00+00:00,1.0133244026268604,-0.0011192627145799605,0.00036206656454531585,0.4
2026-03-05 04:45:00+00:00,1.0135216022603992,-0.0009248739138849604,0.00019460661662495937,0.4
2026-03-05 05:00:00+00:00,1.013380854919438,-0.001063615078457536,-0.000138869601444247,0.4
2026-03-05 05:15:00+00:00,1.0109365724799,-0.0034730573449324176,-0.002412007714249165,0.4
2026-03-05 05:30:00+00:00,1.010637339217238,-0.003768025413650844,-0.0002959960800784089,0.2
2026-03-05 05:45:00+00:00,1.0107506393673746,-0.0036563402147060664,0.00011210762331836932,0.2
2026-03-05 06:00:00+00:00,1.0099578937678708,-0.00443778622238078,-0.0007843137254901711,0.2
2026-03-05 06:15:00+00:00,1.0107247346883357,-0.0036818756551143528,0.0007592800899887564,0.2
2026-03-05 06:30:00+00:00,1.0108946281862523,-0.003514403775409236,0.00016809076901527222,0.2
2026-03-05 06:45:00+00:00,1.0119981940504725,-0.002426567855107975,0.0010916724982505067,0.2
2026-03-05 07:00:00+00:00,1.012432293943956,-0.001998655509827252,0.00042895322939865435,0.0
2026-03-05 07:15:00+00:00,1.012432293943956,-0.001998655509827252,0.0,0.0
2026-03-05 07:30:00+00:00,1.012432293943956,-0.001998655509827252,0.0,0.0
2026-03-05 07:45:00+00:00,1.012432293943956,-0.001998655509827252,0.0,0.0
2026-03-05 08:00:00+00:00,1.012432293943956,-0.001998655509827252,0.0,0.0
2026-03-05 08:15:00+00:00,1.012432293943956,-0.001998655509827252,0.0,0.0
2026-03-05 08:30:00+00:00,1.012432293943956,-0.001998655509827252,0.0,0.0
2026-03-05 08:45:00+00:00,1.012432293943956,-0.001998655509827252,0.0,0.0
2026-03-05 09:00:00+00:00,1.012432293943956,-0.001998655509827252,0.0,0.0
2026-03-05 09:15:00+00:00,1.012432293943956,-0.001998655509827252,0.0,0.0
2026-03-05 09:30:00+00:00,1.012432293943956,-0.001998655509827252,0.0,0.0
2026-03-05 09:45:00+00:00,1.012432293943956,-0.001998655509827252,0.0,0.0
2026-03-05 10:00:00+00:00,1.012432293943956,-0.001998655509827252,0.0,0.0
2026-03-05 10:15:00+00:00,1.012432293943956,-0.001998655509827252,0.0,0.0
2026-03-05 10:30:00+00:00,1.012432293943956,-0.001998655509827252,0.0,0.0
2026-03-05 10:45:00+00:00,1.0123310507145618,-0.0020984556442761315,-0.0001,0.2
2026-03-05 11:00:00+00:00,1.0116973194577734,-0.0027231538587675352,-0.0006260118726389764,0.2
2026-03-05 11:15:00+00:00,1.0115877809866325,-0.002831130996721276,-0.00010827197921177146,0.2
2026-03-05 11:30:00+00:00,1.0101850809978308,-0.004213837260749198,-0.0013866320008666388,0.2
2026-03-05 11:45:00+00:00,1.0105597542033935,-0.003844504550667982,0.00037089560379621744,0.2
2026-03-05 12:00:00+00:00,1.0102296497540675,-0.0041699037760979385,-0.0003266550522648126,0.2
2026-03-05 12:15:00+00:00,1.0097760545479302,-0.00461703355286136,-0.00044900207219978884,0.4
2026-03-05 12:30:00+00:00,1.0112431671258124,-0.0031708328202265657,0.001452908861598068,0.6000000000000001
2026-03-05 12:45:00+00:00,1.012097836477464,-0.0023283457056363366,0.0008451669978455367,0.6000000000000001
2026-03-05 13:00:00+00:00,1.0100134363155422,-0.004383035363894727,-0.0020594848509669418,0.6000000000000001
2026-03-05 13:15:00+00:00,1.0091764802354102,-0.0052080616873806385,-0.0008286583623928868,0.4
2026-03-05 13:30:00+00:00,1.0082020837525765,-0.006168569373426802,-0.0009655362584416017,0.4
2026-03-05 13:45:00+00:00,1.0083608462496745,-0.00601206983611835,0.00015747090752586958,0.4
2026-03-05 14:00:00+00:00,1.0087819385129613,-0.005596979713619832,0.0004176007674761895,0.4
2026-03-05 14:15:00+00:00,1.0077804275523807,-0.006584215394622617,-0.000992792319474678,0.6000000000000001
2026-03-05 14:30:00+00:00,1.004125495747153,-0.010187050742187176,-0.0036267144164573548,0.8
2026-03-05 14:45:00+00:00,1.0111555741135174,-0.003257177304259007,0.007001194966305713,0.8
2026-03-05 15:00:00+00:00,1.001840060566264,-0.012439909917971836,-0.009212740141812791,0.8
2026-03-05 15:15:00+00:00,0.9961410587697543,-0.018057679609031707,-0.005688534548407354,0.6000000000000001
2026-03-05 15:30:00+00:00,0.9983464972829368,-0.01588367684903247,0.002213982140146076,0.6000000000000001
2026-03-05 15:45:00+00:00,0.9982081465309327,-0.016020055585010406,-0.00013857989423569082,0.6000000000000001
2026-03-05 16:00:00+00:00,0.9894244132596219,-0.02467858778202514,-0.008799500687143125,0.6000000000000001
2026-03-05 16:15:00+00:00,0.9908489447460322,-0.023274361200939064,0.0014397577695876686,0.6000000000000001
2026-03-05 16:30:00+00:00,0.9948363733219471,-0.019343768406116735,0.004024254753520384,0.8
2026-03-05 16:45:00+00:00,0.9941279718583793,-0.020042072497470254,-0.0007120783704382073,0.8
2026-03-05 17:00:00+00:00,0.9926048338427956,-0.021543500095630885,-0.0015321347539757003,0.6000000000000001
2026-03-05 17:15:00+00:00,0.9898458172603349,-0.02426319036552549,-0.0027795719790919327,0.6000000000000001
2026-03-05 17:30:00+00:00,0.9896123074838526,-0.0244933717537279,-0.00023590520100249537,0.6000000000000001
2026-03-05 17:45:00+00:00,0.9882280981122232,-0.025857850961083728,-0.001398739042715491,0.4
2026-03-05 18:00:00+00:00,0.9892345799722423,-0.024865715234564045,0.001018471203097393,0.4
2026-03-05 18:15:00+00:00,0.9893201121137568,-0.024781402246190187,8.646295150418482e-05,0.4
2026-03-05 18:30:00+00:00,0.9907626926486086,-0.023359383883155727,0.0014581534502211115,0.4
2026-03-05 18:45:00+00:00,0.9917081184777836,-0.022427433910524153,0.0009542404414195182,0.4
2026-03-05 19:00:00+00:00,0.9962623299079042,-0.017938137038486124,0.004592290156009849,0.2
2026-03-05 19:15:00+00:00,0.995770972456389,-0.018422490807296854,-0.0004932008736701299,0.2
2026-03-05 19:30:00+00:00,0.995630306970804,-0.018561151283238764,-0.00014126289023872474,0.2
2026-03-05 19:45:00+00:00,0.9951236248807425,-0.019060611257140425,-0.0005089058524173185,0.2
2026-03-05 20:00:00+00:00,0.9954056894002664,-0.01878256721271232,0.00028344671201812054,0.2
2026-03-05 20:15:00+00:00,0.9957578708641074,-0.018435405652852732,0.0003538069629210217,0.2
2026-03-05 20:30:00+00:00,0.9959266791490599,-0.018269003517765392,0.00016952744225471328,0.2
2026-03-05 20:45:00+00:00,0.9957158117598689,-0.018476865257439745,-0.0002117298327334316,0.2
2026-03-05 21:00:00+00:00,0.9956595327822365,-0.01853234204900356,-5.6521124770370085e-05,0.2
2026-03-05 21:15:00+00:00,0.9959972830124382,-0.018199406023691633,0.00033922261484096164,0.2
2026-03-05 21:30:00+00:00,0.994507573516187,-0.01966788158403443,-0.0014956963454211937,0.2
2026-03-05 21:45:00+00:00,0.9945358506721017,-0.019640007483425426,2.8433323855558968e-05,0.2
2026-03-05 22:00:00+00:00,0.9941400155076551,-0.020030200515272822,-0.00039800995024876775,0.2
2026-03-05 22:15:00+00:00,0.9941541750293117,-0.020016242819795083,1.4242985329770975e-05,0.2
2026-03-05 22:30:00+00:00,0.9946497300549619,-0.019527751307991226,0.0004984689881079252,0.2
2026-03-05 22:45:00+00:00,0.9944095106287518,-0.0197645467083003,-0.00024151157834919614,0.2
2026-03-05 23:00:00+00:00,0.9942963568546955,-0.019876087617571758,-0.00011378991536874495,0.2
2026-03-05 23:15:00+00:00,0.9945935207840195,-0.01958315938644628,0.0002988685689888193,0.2
2026-03-05 23:30:00+00:00,0.9941836414021418,-0.019987196453062683,-0.00041210743214437073,0.2
2026-03-05 23:45:00+00:00,0.994070384454741,-0.02009883906507226,-0.00011391954432184993,0.2
2026-03-06 00:00:00+00:00,0.994693581675173,-0.01948452473749318,0.0006269145828880607,0.2
2026-03-06 00:15:00+00:00,0.9941561391470327,-0.02001430669810278,-0.0005403096370996229,0.4
2026-03-06 00:30:00+00:00,0.9943286026880037,-0.019844301408075804,0.00017347731828032398,0.4
2026-03-06 00:45:00+00:00,0.9947555414372342,-0.019423448133940147,0.00042937389920831847,0.4
2026-03-06 01:00:00+00:00,0.9935889701857316,-0.02057339137894265,-0.001172721541030164,0.4
2026-03-06 01:15:00+00:00,0.9933225077586575,-0.02083605571913283,-0.00026818174825786744,0.4
2026-03-06 01:30:00+00:00,0.996781728989683,-0.017426141337595458,0.0034824754337147716,0.6000000000000001
2026-03-06 01:45:00+00:00,0.9970966562702331,-0.01711570294948228,0.00031594407420503233,0.6000000000000001
2026-03-06 02:00:00+00:00,0.997337476483352,-0.01687831532572648,0.00024152143285660624,0.6000000000000001
2026-03-06 02:15:00+00:00,0.997372882719723,-0.016843413760739834,3.5500757973983026e-05,0.6000000000000001
2026-03-06 02:30:00+00:00,0.997840537975513,-0.016382424342654245,0.00046888707713272916,0.6000000000000001
2026-03-06 02:45:00+00:00,0.9974021377148632,-0.016814575758774097,-0.0004393490181699989,0.6000000000000001
2026-03-06 03:00:00+00:00,0.9953887720002528,-0.018799243476458338,-0.0020186097848387875,0.6000000000000001
2026-03-06 03:15:00+00:00,0.9958802965468194,-0.01831472499432607,0.000493801578230646,0.6000000000000001
2026-03-06 03:30:00+00:00,0.9953843343418542,-0.018803617881615775,-0.0004980138744435259,0.6000000000000001
2026-03-06 03:45:00+00:00,0.996331075364849,-0.017870371461598755,0.0009511311262705881,0.6000000000000001
2026-03-06 04:00:00+00:00,0.9949920231443419,-0.019190337176246963,-0.0013439831935552428,0.6000000000000001
2026-03-06 04:15:00+00:00,0.9944236430655489,-0.019750615711621622,-0.000571240839697218,0.6000000000000001
2026-03-06 04:30:00+00:00,0.9926301048462765,-0.021518589298532342,-0.001803595712731987,0.6000000000000001
2026-03-06 04:45:00+00:00,0.9944435923152485,-0.019730950813394932,0.0018269519130219348,0.6000000000000001
2026-03-06 05:00:00+00:00,0.9941655213369687,-0.020005058239488505,-0.00027962468703970347,0.6000000000000001
2026-03-06 05:15:00+00:00,0.9924617229410956,-0.02168457113135569,-0.0017137975108830418,0.8
2026-03-06 05:30:00+00:00,0.9918510665430127,-0.022286523390241175,-0.0006152946597005604,0.8
2026-03-06 05:45:00+00:00,0.9946612832530739,-0.019516362786192842,0.002833305124988117,0.8
2026-03-06 06:00:00+00:00,0.994538601653238,-0.01963729571406647,-0.00012334007757350832,0.8
2026-03-06 06:15:00+00:00,0.9953168516509541,-0.018870138691600813,0.0007825236712003525,0.8
2026-03-06 06:30:00+00:00,0.9993652647403171,-0.014879430640895808,0.0040674616155124245,0.6000000000000001
2026-03-06 06:45:00+00:00,1.0008235449047738,-0.013441936426737855,0.001459206374193689,0.4
2026-03-06 07:00:00+00:00,0.9996663780658214,-0.01458260930726718,-0.0011562146442733346,0.4
2026-03-06 07:15:00+00:00,1.0021276422581074,-0.012156427341579179,0.0024620855980452827,0.4
2026-03-06 07:30:00+00:00,1.002588912679257,-0.011701731750343392,0.0004602910863832577,0.4
2026-03-06 07:45:00+00:00,1.0026121545445887,-0.011678821168580877,2.3181849547482256e-05,0.4
2026-03-06 08:00:00+00:00,1.0020000969964544,-0.012282154605885554,-0.0006104629246315385,0.4
2026-03-06 08:15:00+00:00,1.0016063597786449,-0.012670279594687472,-0.0003929512771402966,0.4
2026-03-06 08:30:00+00:00,1.0004622171153743,-0.013798113942784407,-0.001142307706116541,0.4
2026-03-06 08:45:00+00:00,1.0004972007562607,-0.013763628949715168,3.496747831936985e-05,0.4
2026-03-06 09:00:00+00:00,0.9989345987818088,-0.015303957997627071,-0.0015618254336651094,0.6000000000000001
2026-03-06 09:15:00+00:00,0.9950448523979647,-0.019138260937214158,-0.0038938949442611343,0.6000000000000001
2026-03-06 09:30:00+00:00,0.9960110567724829,-0.01818582859127904,0.0009710159016346643,0.6000000000000001
2026-03-06 09:45:00+00:00,0.9971791253700006,-0.017034409343046453,0.0011727466171940425,0.6000000000000001
2026-03-06 10:00:00+00:00,0.9990701157077247,-0.015170372695109235,0.001896339674200787,0.4
2026-03-06 10:15:00+00:00,0.9993597712136076,-0.014884845864288843,0.0002899251026817762,0.4
2026-03-06 10:30:00+00:00,0.99697529156649,-0.017235337751961288,-0.0023860072376357343,0.4
2026-03-06 10:45:00+00:00,0.9972162814846836,-0.016997782842063214,0.0002417210539038095,0.4
2026-03-06 11:00:00+00:00,0.9973086933354374,-0.016906688206055676,9.266981744047173e-05,0.4
2026-03-06 11:15:00+00:00,0.9980207467294459,-0.016204784237938474,0.0007139749194675414,0.4
2026-03-06 11:30:00+00:00,0.9951520128171806,-0.019032627955045123,-0.002874423123633707,0.4
2026-03-06 11:45:00+00:00,0.9952005686606945,-0.018984764214032834,4.8792388387441934e-05,0.4
2026-03-06 12:00:00+00:00,0.9947151049686649,-0.01946330823148945,-0.00048780487804880315,0.4
2026-03-06 12:15:00+00:00,0.9961089983043672,-0.01808928309279334,0.001401299054110794,0.4
2026-03-06 12:30:00+00:00,0.9944272821726281,-0.01974702847543841,-0.0016882852525193172,0.4
2026-03-06 12:45:00+00:00,0.9945733782473841,-0.01960301481654647,0.00014691478942210348,0.4
2026-03-06 13:00:00+00:00,0.9952859772552112,-0.018900573011649713,0.0007164871123765072,0.4
2026-03-06 13:15:00+00:00,0.9969203601218446,-0.017289486217926697,0.0016421238759344093,0.4
2026-03-06 13:30:00+00:00,0.9970664647178565,-0.017145464159238566,0.00014655593551538004,0.4
2026-03-06 13:45:00+00:00,0.9902064916869884,-0.023907656899360474,-0.006880156211862354,0.4
2026-03-06 14:00:00+00:00,0.986439581283309,-0.02762087473124264,-0.0038041665403159676,0.4
2026-03-06 14:15:00+00:00,0.9862434212870309,-0.027814238713398942,-0.00019885657469551621,0.4
2026-03-06 14:30:00+00:00,0.9838467278512909,-0.030176770297492883,-0.002430123622637026,0.2
2026-03-06 14:45:00+00:00,0.9838467278512909,-0.030176770297492883,0.0,0.2
2026-03-06 15:00:00+00:00,0.9838467278512909,-0.030176770297492883,0.0,0.2
2026-03-06 15:15:00+00:00,0.9817970471682674,-0.03219723535937313,-0.002083333333333326,0.2
2026-03-06 15:30:00+00:00,0.9817970471682674,-0.03219723535937313,0.0,0.2
2026-03-06 15:45:00+00:00,0.9797301060163343,-0.034234714863879634,-0.0021052631578947433,0.2
2026-03-06 16:00:00+00:00,0.9797301060163343,-0.034234714863879634,0.0,0.2
2026-03-06 16:15:00+00:00,0.9807723720865644,-0.03320730498607527,0.0010638297872340274,0.2
2026-03-06 16:30:00+00:00,0.9807723720865644,-0.03320730498607527,0.0,0.2
2026-03-06 16:45:00+00:00,0.9807723720865644,-0.03320730498607527,0.0,0.2
2026-03-06 17:00:00+00:00,0.979734517724568,-0.03423036603900009,-0.0010582010582010693,0.2
2026-03-06 17:15:00+00:00,0.9807767884881048,-0.03320295153478625,0.0010638297872340274,0.2
2026-03-06 17:30:00+00:00,0.9796408517738188,-0.034322696899384386,-0.0011582010582010694,0.4
2026-03-06 17:45:00+00:00,0.9792949883942307,-0.03466363043133858,-0.00035305120132730347,0.6000000000000001
2026-03-06 18:00:00+00:00,0.9827535824432733,-0.031254334292093455,0.0035317183178010135,0.6000000000000001
2026-03-06 18:15:00+00:00,0.981658843605934,-0.03233346900368406,-0.0011139504926733325,0.6000000000000001
2026-03-06 18:30:00+00:00,0.9847027340280573,-0.02933296541254915,0.0031007619825867304,0.6000000000000001
2026-03-06 18:45:00+00:00,0.9851548516969337,-0.02888729211261054,0.0004591412750801104,0.6000000000000001
2026-03-06 19:00:00+00:00,0.9878272253403194,-0.026253009795627613,0.002712643234495005,0.6000000000000001
2026-03-06 19:15:00+00:00,0.9884703593816483,-0.02561904282146754,0.0006510592387321877,0.6000000000000001
2026-03-06 19:30:00+00:00,0.9867391692185822,-0.027325557045325133,-0.0017513829794037151,0.6000000000000001
2026-03-06 19:45:00+00:00,0.9856983679559821,-0.028351522994490508,-0.0010547886362151317,0.6000000000000001
2026-03-06 20:00:00+00:00,0.9860676187741866,-0.027987535382453133,0.0003746083286819691,0.6000000000000001
2026-03-06 20:15:00+00:00,0.9835605231630753,-0.0304588954977133,-0.0025425189544586503,0.6000000000000001
2026-03-06 20:30:00+00:00,0.9841439052595591,-0.02988382877954865,0.0005931328909050126,0.6000000000000001
2026-03-06 20:45:00+00:00,0.9853852343154103,-0.02866019330870817,0.0012613288048801685,0.6000000000000001
2026-03-06 21:00:00+00:00,0.9864319022947262,-0.027628444265497598,0.00106219166156174,0.6000000000000001
2026-03-06 21:15:00+00:00,0.9838689121253035,-0.030154902232414904,-0.0025982433895948456,0.6000000000000001
2026-03-06 21:30:00+00:00,0.9841041031213913,-0.029923063588278676,0.0002390470856323379,0.6000000000000001
2026-03-06 21:45:00+00:00,0.9856527038425194,-0.02839653622342775,0.0015736147387417354,0.6000000000000001
2026-03-06 22:00:00+00:00,0.9844283374753491,-0.029603450787387908,-0.0012421884122035376,0.6000000000000001
2026-03-06 22:15:00+00:00,0.985786621576538,-0.028264527318337396,0.0013797694047210875,0.2
2026-03-06 22:30:00+00:00,0.9861589238530686,-0.02789753174267584,0.00037767024666588437,0.2
2026-03-06 22:45:00+00:00,0.9863215604997165,-0.027737213276948447,0.0001649193073388844,0.2
2026-03-06 23:00:00+00:00,0.9864608714545894,-0.02759988802458635,0.00014124293785311437,0.2
2026-03-06 23:15:00+00:00,0.9864144606867016,-0.02764563726532865,-4.704775346975332e-05,0.2
2026-03-06 23:30:00+00:00,0.9858342168862976,-0.02821761041987847,-0.0005882352941176451,0.2
2026-03-06 23:45:00+00:00,0.985717894264836,-0.028332275008619567,-0.00011799410029498248,0.2
2026-03-07 00:00:00+00:00,0.985904098353481,-0.0281487250251502,0.00018890200708381323,0.2
2026-03-07 00:15:00+00:00,0.9861599356991261,-0.027896534319211796,0.0002594951639537602,0.2
2026-03-07 00:30:00+00:00,0.9857881944110783,-0.028262976902575954,-0.00037695841677463097,0.2
2026-03-07 00:45:00+00:00,0.9858347322698963,-0.02821710238242503,4.7208780833241096e-05,0.2
2026-03-07 01:00:00+00:00,0.9859277904157152,-0.02812537066347598,9.439528023600375e-05,0.2
2026-03-07 01:15:00+00:00,0.9856022098268292,-0.02844631051040869,-0.00033022762118173343,0.2
2026-03-07 01:30:00+00:00,0.9858816481379438,-0.028170855241090864,0.0002835203780271467,0.2
2026-03-07 01:45:00+00:00,0.9857420872109925,-0.028308426902493578,-0.000141559513979006,0.2
2026-03-07 02:00:00+00:00,0.9857188138763872,-0.028331368504974863,-2.360996340453614e-05,0.2
2026-03-07 02:15:00+00:00,0.9851602010893025,-0.02888201896910436,-0.0005667060212515062,0.2
2026-03-07 02:30:00+00:00,0.9851835295335623,-0.02885902304248744,2.3679848448976415e-05,0.2
2026-03-07 02:45:00+00:00,0.9856034017611368,-0.028445135565626,0.00042618681188590914,0.2
2026-03-07 03:00:00+00:00,0.9864130170303803,-0.027647060344144103,0.0008214412285883267,0.4
2026-03-07 03:15:00+00:00,0.9841405069655821,-0.029887178635117584,-0.0023038119180946335,0.4
2026-03-07 03:30:00+00:00,0.9835577197413562,-0.030461658960180493,-0.0005921788810652418,0.4
2026-03-07 03:45:00+00:00,0.9832728369840089,-0.030742481071995065,-0.0002896451846488235,0.4
2026-03-07 04:00:00+00:00,0.9816771509324332,-0.03231542262510689,-0.0016228314172392457,0.4
2026-03-07 04:15:00+00:00,0.9826686848749919,-0.031338021752277734,0.0010100407670860622,0.4
2026-03-07 04:30:00+00:00,0.9827939279283856,-0.031214563881146407,0.0001274519635369288,0.6000000000000001
2026-03-07 04:45:00+00:00,0.9823457665547219,-0.031656337277886415,-0.0004560074710762141,0.6000000000000001
2026-03-07 05:00:00+00:00,0.9834211018578666,-0.030596329527505906,0.0010946606986622421,0.6000000000000001
2026-03-07 05:15:00+00:00,0.9831835502547019,-0.030830495131232927,-0.00024155634114000348,0.6000000000000001
2026-03-07 05:30:00+00:00,0.9830428498582716,-0.030969190020409987,-0.00014310694721638697,0.4
2026-03-07 05:45:00+00:00,0.9826839799276291,-0.03132294471138597,-0.0003650603131839292,0.4
2026-03-07 06:00:00+00:00,0.9815263169809735,-0.03246410662822696,-0.0011780622970375965,0.2
2026-03-07 06:15:00+00:00,0.9814014068051918,-0.032587236366498074,-0.0001272611580765526,0.2
2026-03-07 06:30:00+00:00,0.9812764330040706,-0.032710428823209625,-0.00012734218664725016,0.2
2026-03-07 06:45:00+00:00,0.9809370455056257,-0.03304497877956447,-0.0003458632929826067,0.2
2026-03-07 07:00:00+00:00,0.9812324714035755,-0.03275376380636108,0.00030116703136394706,0.4
2026-03-07 07:15:00+00:00,0.9815353214517267,-0.0324552305048833,0.00030864250519337946,0.4
2026-03-07 07:30:00+00:00,0.9833154789266,-0.03070044693668339,0.0018136458627288745,0.4
2026-03-07 07:45:00+00:00,0.9834940038864631,-0.030524466625669766,0.00018155410312274968,0.4
2026-03-07 08:00:00+00:00,0.9833906805919801,-0.03062631717649489,-0.00010505737104116175,0.4
2026-03-07 08:15:00+00:00,0.9844741155441741,-0.02955832522737878,0.0011017340041718617,0.4
2026-03-07 08:30:00+00:00,0.983997538284784,-0.030028109477120535,-0.00048409323502294214,0.4
2026-03-07 08:45:00+00:00,0.9835435299555977,-0.0304756464883833,-0.0004613917327250027,0.6000000000000001
2026-03-07 09:00:00+00:00,0.9838383525514478,-0.030185026217966704,0.0002997555134783614,0.6000000000000001
2026-03-07 09:15:00+00:00,0.9840479917853248,-0.02997837512779644,0.00021308300630198392,0.6000000000000001
2026-03-07 09:30:00+00:00,0.9841454454471538,-0.0298823105453917,9.903344414345929e-05,0.6000000000000001
2026-03-07 09:45:00+00:00,0.9846570408339606,-0.02937800730761253,0.0005198371736348407,0.6000000000000001
2026-03-07 10:00:00+00:00,0.9846882928561467,-0.029347200743710555,3.173899224810929e-05,0.6000000000000001
2026-03-07 10:15:00+00:00,0.9829361950486721,-0.03107432459979198,-0.001779342579967569,0.6000000000000001
2026-03-07 10:30:00+00:00,0.9838837270932309,-0.03014029843322885,0.0009639812322832287,0.6000000000000001
2026-03-07 10:45:00+00:00,0.9823262277263112,-0.031675597604863714,-0.0015830116141072104,0.6000000000000001
2026-03-07 11:00:00+00:00,0.9853471305849835,-0.028697753918364266,0.0030752542011063255,0.6000000000000001
2026-03-07 11:15:00+00:00,0.9834073577813183,-0.030609877699523058,-0.001968618716648241,0.6000000000000001
2026-03-07 11:30:00+00:00,0.9827604313678854,-0.031247582990290845,-0.0006578417461635011,0.6000000000000001
2026-03-07 11:45:00+00:00,0.9820936766750746,-0.03190483393324328,-0.0006784508935536949,0.6000000000000001
2026-03-07 12:00:00+00:00,0.9818826616460339,-0.03211284120834701,-0.00021486242509483056,0.6000000000000001
2026-03-07 12:15:00+00:00,0.9812044659519985,-0.032781370075436134,-0.0006907095119679908,0.6000000000000001
2026-03-07 12:30:00+00:00,0.9793645018874441,-0.03459510776557406,-0.0018752096310215016,0.6000000000000001
2026-03-07 12:45:00+00:00,0.9767414369973242,-0.03718078416357473,-0.002678333638869623,0.6000000000000001
2026-03-07 13:00:00+00:00,0.9777694596832472,-0.036167414648541896,0.0010525023788110933,0.6000000000000001
2026-03-07 13:15:00+00:00,0.9775642515305807,-0.036369697816993396,-0.00020987375974406143,0.6000000000000001
2026-03-07 13:30:00+00:00,0.9772053158329977,-0.0367235173374848,-0.0003671735101002272,0.6000000000000001
2026-03-07 13:45:00+00:00,0.9776881923454193,-0.03624752362264372,0.0004941402841324383,0.6000000000000001
2026-03-07 14:00:00+00:00,0.9744259573494116,-0.03946325956027941,-0.00333668241219286,0.4
2026-03-07 14:15:00+00:00,0.9752454962218655,-0.03865540218407426,0.0008410478664620858,0.4
2026-03-07 14:30:00+00:00,0.9761791353708344,-0.037735070887341404,0.0009573375653472826,0.4
2026-03-07 14:45:00+00:00,0.9759776529971711,-0.03793368138308506,-0.00020639897572365394,0.4
2026-03-07 15:00:00+00:00,0.9750425805733246,-0.03885542552516408,-0.0009580879449185621,0.4
2026-03-07 15:15:00+00:00,0.9745458050649972,-0.03934512012319913,-0.0005094910911842998,0.4
2026-03-07 15:30:00+00:00,0.9730268353592643,-0.040842438825525296,-0.0015586437269941467,0.4
2026-03-07 15:45:00+00:00,0.9733467823421865,-0.04052705228458631,0.00032881619632225685,0.4
2026-03-07 16:00:00+00:00,0.9746610403752338,-0.03923152734742852,0.0013502464454494658,0.6000000000000001
2026-03-07 16:15:00+00:00,0.9745869428186352,-0.03930456873651811,-7.602392373256e-05,0.6000000000000001
2026-03-07 16:30:00+00:00,0.974775667079864,-0.039118534502356694,0.00019364538240465026,0.6000000000000001
2026-03-07 16:45:00+00:00,0.9757655248976396,-0.03814278586325914,0.001015472432483744,0.6000000000000001
2026-03-07 17:00:00+00:00,0.9782996572609842,-0.03564477437067637,0.002597071016226505,0.6000000000000001
2026-03-07 17:15:00+00:00,0.9793593832276193,-0.03460015346533851,0.0010832324827774076,0.4
2026-03-07 17:30:00+00:00,0.9793938105768937,-0.03456621683464378,3.51529273767248e-05,0.4
2026-03-07 17:45:00+00:00,0.9796969920106566,-0.034267356871039434,0.00030956029177299244,0.2
2026-03-07 18:00:00+00:00,0.9788974433306173,-0.03505550898988996,-0.0008161183371588887,0.2
2026-03-07 18:15:00+00:00,0.9793486636630103,-0.0346107202360314,0.00046094750320100356,0.2
2026-03-07 18:30:00+00:00,0.9791985335663834,-0.034758710416884275,-0.00015329586101175963,0.2
2026-03-07 18:45:00+00:00,0.9788980891173219,-0.03505487240806293,-0.00030682689849141913,0.2
2026-03-07 19:00:00+00:00,0.9790508774362251,-0.034904261894550204,0.00015608194622281925,0.0
2026-03-07 19:15:00+00:00,0.9789529723484814,-0.03500077146836078,-0.0001,0.2
2026-03-07 19:30:00+00:00,0.9793711368523068,-0.034588567373793566,0.00042715484363080596,0.2
2026-03-07 19:45:00+00:00,0.9784084786861411,-0.03553750405811762,-0.000982934997716567,0.4
2026-03-07 20:00:00+00:00,0.979842786415577,-0.03412364058205897,0.0014659600368160054,0.4
2026-03-07 20:15:00+00:00,0.9799023513266054,-0.034064924693948284,6.079027355623268e-05,0.4
2026-03-07 20:30:00+00:00,0.9804674307853577,-0.03350789973242552,0.0005766691527858469,0.4
2026-03-07 20:45:00+00:00,0.9805858613821882,-0.033391157214854084,0.00012078993458832787,0.4
2026-03-07 21:00:00+00:00,0.981238733149357,-0.03274759131389304,0.0006657976551370127,0.4
2026-03-07 21:15:00+00:00,0.983747276627851,-0.03027480396877935,0.0025565067844832592,0.2
2026-03-07 21:30:00+00:00,0.9830330144999107,-0.0309788851881031,-0.0007260626229012246,0.2
2026-03-07 21:45:00+00:00,0.9830628621700033,-0.030949462959021234,3.0362835888864126e-05,0.2
2026-03-07 22:00:00+00:00,0.982615201485955,-0.031390742802846816,-0.00045537340619308255,0.2
2026-03-07 22:15:00+00:00,0.9817481441044521,-0.032245441371497874,-0.0008823976875094842,0.2
2026-03-07 22:30:00+00:00,0.9818981667426099,-0.03209755711742868,0.00015281173594132726,0.2
2026-03-07 22:45:00+00:00,0.9817782219367778,-0.032215792260856135,-0.00012215605435945688,0.2
2026-03-07 23:00:00+00:00,0.9821082314231431,-0.031890486644809424,0.0003361344537815114,0.2
2026-03-07 23:15:00+00:00,0.9824977191293206,-0.031506550596193894,0.00039658328248930457,0.2
2026-03-07 23:30:00+00:00,0.9826173717667545,-0.03138860345667149,0.00012178413761607665,0.2
2026-03-07 23:45:00+00:00,0.9824678787845901,-0.03153596560432759,-0.00015213753232921068,0.2
2026-03-08 00:00:00+00:00,0.9828567972506133,-0.031152590682063663,0.0003958587088916055,0.2
2026-03-08 00:15:00+00:00,0.9825282324498306,-0.03147647220470451,-0.00033429569974168243,0.2
2026-03-08 00:30:00+00:00,0.9820411556685384,-0.03195660631886421,-0.0004957382039573743,0.4
2026-03-08 00:45:00+00:00,0.9817033197321587,-0.032289626828720386,-0.00034401403080678287,0.6000000000000001
2026-03-08 01:00:00+00:00,0.9824248095286001,-0.03157842096222285,0.0007349366982258409,0.6000000000000001
2026-03-08 01:15:00+00:00,0.9818398414576361,-0.03215505104879557,-0.0005954329179091555,0.6000000000000001
2026-03-08 01:30:00+00:00,0.9824553406474963,-0.03154832502604088,0.000626883493489494,0.6000000000000001
2026-03-08 01:45:00+00:00,0.9827865341185783,-0.031221852301490882,0.00033710791460890295,0.6000000000000001
2026-03-08 02:00:00+00:00,0.9817821987198994,-0.03221187216177812,-0.0010219262920403871,0.6000000000000001
2026-03-08 02:15:00+00:00,0.9804606959354918,-0.03351453858547404,-0.0013460243892490676,0.6000000000000001
2026-03-08 02:30:00+00:00,0.9821441478152627,-0.03185508219570299,0.0017170008820850402,0.6000000000000001
2026-03-08 02:45:00+00:00,0.9757643271665823,-0.038143966522166006,-0.006495808851350327,0.6000000000000001
2026-03-08 03:00:00+00:00,0.9766528448792626,-0.03726811351237713,0.0009105863864282249,0.6000000000000001
2026-03-08 03:15:00+00:00,0.9786315815575675,-0.03531758123762385,0.002026038923328333,0.6000000000000001
2026-03-08 03:30:00+00:00,0.9773203653766854,-0.03661010768039452,-0.0013398465833232233,0.6000000000000001
2026-03-08 03:45:00+00:00,0.9777538576446275,-0.03618279429971705,0.0004435518621114134,0.4
2026-03-08 04:00:00+00:00,0.9775731824630486,-0.03636089418373922,-0.00018478595626731932,0.4
2026-03-08 04:15:00+00:00,0.9769839017923724,-0.036941775399337295,-0.0006027995461081348,0.4
2026-03-08 04:30:00+00:00,0.9766226134465632,-0.03729791403401239,-0.0003697996918335944,0.4
2026-03-08 04:45:00+00:00,0.9745364984970215,-0.03935429403774915,-0.0021360502212617095,0.4
2026-03-08 05:00:00+00:00,0.9772342068500844,-0.036695038125522994,0.002768196324327965,0.4
2026-03-08 05:15:00+00:00,0.9793492917816234,-0.034610101070459365,0.0021643582640812568,0.4
2026-03-08 05:30:00+00:00,0.9784605691389278,-0.03548615608924388,-0.0009074623835984897,0.4
2026-03-08 05:45:00+00:00,0.978742611495224,-0.03520813389213451,0.00028825112139624365,0.6000000000000001
2026-03-08 06:00:00+00:00,0.9766208825846231,-0.03729962022469169,-0.0021678109093049127,0.6000000000000001
2026-03-08 06:15:00+00:00,0.9760829101340545,-0.03782992455435186,-0.0005508508574431081,0.6000000000000001
2026-03-08 06:30:00+00:00,0.9775363019892658,-0.03639724897273677,0.0014890045098849836,0.6000000000000001
2026-03-08 06:45:00+00:00,0.9779461965738279,-0.035993196920131254,0.00041931392596672445,0.6000000000000001
2026-03-08 07:00:00+00:00,0.9813194573668458,-0.0326680177186327,0.0034493316757463702,0.6000000000000001
2026-03-08 07:15:00+00:00,0.9824133820263755,-0.03158968557977071,0.0011147487714807227,0.6000000000000001
2026-03-08 07:30:00+00:00,0.982476765129006,-0.03152720592357883,6.451775168170307e-05,0.6000000000000001
2026-03-08 07:45:00+00:00,0.9822879034559164,-0.031713375610967764,-0.00019223016746328098,0.6000000000000001
2026-03-08 08:00:00+00:00,0.9798822190833834,-0.03408476997735477,-0.002449062402244051,0.6000000000000001
2026-03-08 08:15:00+00:00,0.9799474383749184,-0.03402048030482263,6.65582967675382e-05,0.6000000000000001
2026-03-08 08:30:00+00:00,0.9820823269182396,-0.03191602191356435,0.0021785745436117667,0.6000000000000001
2026-03-08 08:45:00+00:00,0.9822991996186413,-0.03170224046084025,0.00022082945029890946,0.6000000000000001
2026-03-08 09:00:00+00:00,0.9839838654651717,-0.030041587407879544,0.0017150231285788299,0.6000000000000001
2026-03-08 09:15:00+00:00,0.9857474339734341,-0.028303156351428216,0.0017922738066732948,0.4
2026-03-08 09:30:00+00:00,0.9847348787065033,-0.02930127891607992,-0.0010271954377292225,0.4
2026-03-08 09:45:00+00:00,0.9841856488241231,-0.02984268021701475,-0.0005577439108297444,0.4
2026-03-08 10:00:00+00:00,0.985396310682502,-0.028649274821303417,0.00123011533426185,0.4
2026-03-08 10:15:00+00:00,0.9875806937622036,-0.026496027376053055,0.0022167558940714206,0.4
2026-03-08 10:30:00+00:00,0.9868946857855476,-0.027172257171496073,-0.0006946348597020258,0.4
2026-03-08 10:45:00+00:00,0.9871119239077053,-0.026958115505643754,0.00022012290195361217,0.4
2026-03-08 11:00:00+00:00,0.9836884522256737,-0.03033278990306143,-0.0034681697172485484,0.4
2026-03-08 11:15:00+00:00,0.9844493525256758,-0.02958273528018207,0.0007735175687795693,0.4
2026-03-08 11:30:00+00:00,0.982129016807884,-0.031869997529595184,-0.0023569884137146116,0.4
2026-03-08 11:45:00+00:00,0.9836137385958653,-0.03040643858401182,0.001511738032959187,0.4
2026-03-08 12:00:00+00:00,0.9812884488632194,-0.03269858423502581,-0.0023640273019827625,0.2
2026-03-08 12:15:00+00:00,0.9812884488632194,-0.03269858423502581,0.0,0.2
2026-03-08 12:30:00+00:00,0.9815766393034142,-0.03241450158722403,0.00029368575624082465,0.2
2026-03-08 12:45:00+00:00,0.9812887869165218,-0.03269825100024826,-0.00029325513196480917,0.2
2026-03-08 13:00:00+00:00,0.9810005963770456,-0.032982333745916304,-0.00029368575624082465,0.2
2026-03-08 13:15:00+00:00,0.9814795554917473,-0.03251020159121587,0.00048823529411764506,0.0
2026-03-08 13:30:00+00:00,0.9814795554917473,-0.03251020159121587,0.0,0.0
2026-03-08 13:45:00+00:00,0.9814795554917473,-0.03251020159121587,0.0,0.0
2026-03-08 14:00:00+00:00,0.9813814075361981,-0.03260695057105678,-0.0001,0.2
2026-03-08 14:15:00+00:00,0.9812141809088185,-0.03277179359311133,-0.0001703992210321248,0.2
2026-03-08 14:30:00+00:00,0.9810946518333028,-0.032889618931935316,-0.00012181751735897973,0.2
2026-03-08 14:45:00+00:00,0.9816662315502582,-0.03232618636521756,0.0005825938566552558,0.0
2026-03-08 15:00:00+00:00,0.9816662315502582,-0.03232618636521756,0.0,0.0
2026-03-08 15:15:00+00:00,0.9816662315502582,-0.03232618636521756,0.0,0.0
2026-03-08 15:30:00+00:00,0.9816662315502582,-0.03232618636521756,0.0,0.0
2026-03-08 15:45:00+00:00,0.9816662315502582,-0.03232618636521756,0.0,0.0
2026-03-08 16:00:00+00:00,0.9816662315502582,-0.03232618636521756,0.0,0.0
2026-03-08 16:15:00+00:00,0.9816662315502582,-0.03232618636521756,0.0,0.0
2026-03-08 16:30:00+00:00,0.9816662315502582,-0.03232618636521756,0.0,0.0
2026-03-08 16:45:00+00:00,0.9816662315502582,-0.03232618636521756,0.0,0.0
2026-03-08 17:00:00+00:00,0.9816662315502582,-0.03232618636521756,0.0,0.0
2026-03-08 17:15:00+00:00,0.9815680649271032,-0.032422953746580996,-0.0001,0.2
2026-03-08 17:30:00+00:00,0.9815680649271032,-0.032422953746580996,0.0,0.2
2026-03-08 17:45:00+00:00,0.9818568675942388,-0.03213826759836369,0.0002942258183155744,0.2
2026-03-08 18:00:00+00:00,0.9814241726838044,-0.03256479498686238,-0.0004406904149834468,0.2
2026-03-08 18:15:00+00:00,0.9817354085252927,-0.032257995420988395,0.0003171267329162287,0.0
2026-03-08 18:30:00+00:00,0.9817354085252927,-0.032257995420988395,0.0,0.0
2026-03-08 18:45:00+00:00,0.9817354085252927,-0.032257995420988395,0.0,0.0
2026-03-08 19:00:00+00:00,0.9816372349844402,-0.03235476962144623,-0.0001,0.2
2026-03-08 19:15:00+00:00,0.9822302922024448,-0.03177016568845381,0.000604151102738193,0.2
2026-03-08 19:30:00+00:00,0.9826632623688134,-0.031343366967448216,0.0004408031088082855,0.4
2026-03-08 19:45:00+00:00,0.9823169653943465,-0.0316847279139314,-0.00035240655444069836,0.6000000000000001
2026-03-08 20:00:00+00:00,0.9798488084092233,-0.034117704424360795,-0.00251258715065803,0.6000000000000001
2026-03-08 20:15:00+00:00,0.9801212518770324,-0.033849144295651556,0.0002780464347874823,0.6000000000000001
2026-03-08 20:30:00+00:00,0.9833169415244021,-0.03069900518637414,0.003260504392951081,0.8
2026-03-08 20:45:00+00:00,0.9805706571796384,-0.033406144700612206,-0.0027928780933095696,0.8
2026-03-08 21:00:00+00:00,0.9769064161866828,-0.03701815654513774,-0.0037368454441568557,0.6000000000000001
2026-03-08 21:15:00+00:00,0.9780915599668777,-0.035849905499488965,0.001213159992152546,0.6000000000000001
2026-03-08 21:30:00+00:00,0.9785297797607622,-0.035417931977807626,0.000448035553950854,0.6000000000000001
2026-03-08 21:45:00+00:00,0.9782230979946093,-0.035720242380964495,-0.0003134107642874916,0.4
2026-03-08 22:00:00+00:00,0.9742519550313671,-0.03963478169404744,-0.004059547327581159,0.4
2026-03-08 22:15:00+00:00,0.9750409621010042,-0.03885702092819643,0.0008098593649849217,0.4
2026-03-08 22:30:00+00:00,0.9753783960845258,-0.0385243966418658,0.0003460715976427942,0.4
2026-03-08 22:45:00+00:00,0.9759099219360545,-0.03800044702308136,0.0005449432278410882,0.4
2026-03-08 23:00:00+00:00,0.9755503364667312,-0.03835490705363398,-0.00036846174143827514,0.4
2026-03-08 23:15:00+00:00,0.9763144508995336,-0.03760168411137632,0.0007832649984723883,0.4
2026-03-08 23:30:00+00:00,0.9744961447772822,-0.03939407256594896,-0.0018624185277356987,0.4
2026-03-08 23:45:00+00:00,0.9746114532736093,-0.03928040764726348,0.00011832627244876551,0.4
2026-03-09 00:00:00+00:00,0.9751109447772269,-0.03878803576703649,0.000512503215450466,0.4
2026-03-09 00:15:00+00:00,0.975160574385725,-0.03873911356620996,5.0896371088771076e-05,0.4
2026-03-09 00:30:00+00:00,0.9762818162708398,-0.03763385357446847,0.001149802314168802,0.6000000000000001
2026-03-09 00:45:00+00:00,0.9749851686428501,-0.038912019120751706,-0.0013281489078046604,0.6000000000000001
2026-03-09 01:00:00+00:00,0.974067109638501,-0.03981699234823799,-0.0009416133023101292,0.6000000000000001
2026-03-09 01:15:00+00:00,0.9761234409768828,-0.037789971427729996,0.0021110776845189696,0.6000000000000001
2026-03-09 01:30:00+00:00,0.9776468073208568,-0.036288318755713034,0.0015606287893768834,0.6000000000000001
2026-03-09 01:45:00+00:00,0.9733806026768291,-0.04049371401629287,-0.004363748351737407,0.6000000000000001
2026-03-09 02:00:00+00:00,0.9731617623782305,-0.04070943502157531,-0.0002248250047276246,0.6000000000000001
2026-03-09 02:15:00+00:00,0.9728081928972048,-0.04105796481417989,-0.0003633203591576816,0.4
2026-03-09 02:30:00+00:00,0.9773682310726486,-0.036562924249747386,0.004687499764843927,0.4
2026-03-09 02:45:00+00:00,0.9764909058014599,-0.03742774435222629,-0.0008976404627208058,0.4
2026-03-09 03:00:00+00:00,0.9815565773468664,-0.03243427758580453,0.0051876279802613445,0.2
2026-03-09 03:15:00+00:00,0.9801288586889073,-0.03384164590931604,-0.001454545454545464,0.2
2026-03-09 03:30:00+00:00,0.9798895109822677,-0.034077582015321184,-0.00024420024420024333,0.2
2026-03-09 03:45:00+00:00,0.980129092769794,-0.0338414151649582,0.00024449877750614134,0.2
2026-03-09 04:00:00+00:00,0.980129092769794,-0.0338414151649582,0.0,0.2
2026-03-09 04:15:00+00:00,0.9809884709157256,-0.032994286374030124,0.0008768009768009733,0.0
2026-03-09 04:30:00+00:00,0.9809884709157256,-0.032994286374030124,0.0,0.0
2026-03-09 04:45:00+00:00,0.9809884709157256,-0.032994286374030124,0.0,0.0
2026-03-09 05:00:00+00:00,0.9809884709157256,-0.032994286374030124,0.0,0.0
2026-03-09 05:15:00+00:00,0.980890372068634,-0.0330909869453927,-0.0001,0.2
2026-03-09 05:30:00+00:00,0.9822175748618576,-0.03178270175934006,0.0013530592521002307,0.2
2026-03-09 05:45:00+00:00,0.9823191185485217,-0.031682605450261914,0.00010338207059517046,0.2
2026-03-09 06:00:00+00:00,0.98224661732197,-0.03175407326298241,-7.380618495829162e-05,0.2
2026-03-09 06:15:00+00:00,0.9818583021058014,-0.03213685353396001,-0.0003953337271116352,0.4
2026-03-09 06:30:00+00:00,0.9800138283008288,-0.03395503668383626,-0.0018785539634554429,0.4
2026-03-09 06:45:00+00:00,0.9798173522247855,-0.03414871224043825,-0.00020048296296389925,0.6000000000000001
2026-03-09 07:00:00+00:00,0.9771728180928355,-0.03675555186321933,-0.002699007244508633,0.8
2026-03-09 07:15:00+00:00,0.9777982420563842,-0.036139042531946886,0.0006400341392727382,0.8
2026-03-09 07:30:00+00:00,0.9794078104098468,-0.03455241655170782,0.0016461150002453186,0.8
2026-03-09 07:45:00+00:00,0.9792984547951171,-0.034660213439638654,-0.00011165483220307857,0.8
2026-03-09 08:00:00+00:00,0.9805975468427842,-0.03337963831580715,0.0013265537603027067,0.8
2026-03-09 08:15:00+00:00,0.9838311313711157,-0.030192144469452176,0.0032975653862714173,0.8
2026-03-09 08:30:00+00:00,0.9828773904803023,-0.031132290982972655,-0.0009694152384507327,0.8
2026-03-09 08:45:00+00:00,0.9831275443970141,-0.030885702695833683,0.000254511823279946,0.6000000000000001
2026-03-09 09:00:00+00:00,0.9831969222382906,-0.030817313748458197,7.056850524825863e-05,0.4
2026-03-09 09:15:00+00:00,0.9844568772099291,-0.02957531785084222,0.001281487912686119,0.4
2026-03-09 09:30:00+00:00,0.9865455557214277,-0.02751641082550127,0.0021216556660340283,0.6000000000000001
2026-03-09 09:45:00+00:00,0.9823949974742138,-0.031607808083255584,-0.00420716329128733,0.4
2026-03-09 10:00:00+00:00,0.9821341632777382,-0.03186492441619837,-0.0002655084738280467,0.4
2026-03-09 10:15:00+00:00,0.9815950454773599,-0.0323963577701466,-0.0005489248012502835,0.4
2026-03-09 10:30:00+00:00,0.9803288446633535,-0.033644510483500145,-0.0012899421404379387,0.4
2026-03-09 10:45:00+00:00,0.9802334378284888,-0.03373855741388554,-9.732125641710441e-05,0.4
2026-03-09 11:00:00+00:00,0.980549704815579,-0.033426798415064685,0.00032264456086181784,0.4
2026-03-09 11:15:00+00:00,0.9780574853321872,-0.03588349444310279,-0.0025416554317974514,0.4
2026-03-09 11:30:00+00:00,0.9803557414682833,-0.03361799705870816,0.00234981703076026,0.2
2026-03-09 11:45:00+00:00,0.9806519494158519,-0.03332601118302014,0.00030214332924178856,0.2
2026-03-09 12:00:00+00:00,0.9811086039056935,-0.032875865728795084,0.00046566418402943526,0.4
2026-03-09 12:15:00+00:00,0.9815402989050511,-0.03245032399889802,0.00044000735253877374,0.4
2026-03-09 12:30:00+00:00,0.9805733446186523,-0.033403495567662644,-0.0009851396702483472,0.6000000000000001
2026-03-09 12:45:00+00:00,0.98080954518937,-0.03317066173911365,0.0002408800647233367,0.6000000000000001
2026-03-09 13:00:00+00:00,0.9830698292142158,-0.030942595221264524,0.002304508592857602,0.6000000000000001
2026-03-09 13:15:00+00:00,0.9866096641104369,-0.027453216220976073,0.0036007970044717565,0.6000000000000001
2026-03-09 13:30:00+00:00,0.989530175282134,-0.02457433326417302,0.002960148555133291,0.6000000000000001
2026-03-09 13:45:00+00:00,0.9874596583821885,-0.026615337548899665,-0.002092424214708954,0.8
2026-03-09 14:00:00+00:00,0.9834859626327412,-0.03053239326142987,-0.004024160091722262,0.8
2026-03-09 14:15:00+00:00,0.9858895603215488,-0.028163055835715323,0.0024439572908323106,0.8
2026-03-09 14:30:00+00:00,0.9887011796250409,-0.025391512630442037,0.002851860306315668,0.6000000000000001
2026-03-09 14:45:00+00:00,0.9865820995524519,-0.02748038788084295,-0.002143296798121208,0.4
2026-03-09 15:00:00+00:00,0.9872041883265539,-0.026867166200085002,0.0006305494234936759,0.4
2026-03-09 15:15:00+00:00,0.9862471821791725,-0.027810531428046348,-0.0009694105421125254,0.4
2026-03-09 15:30:00+00:00,0.9838841864996763,-0.030139845575044788,-0.002395946697941442,0.2
2026-03-09 15:45:00+00:00,0.9841276063193451,-0.029899895398861953,0.0002474069844894622,0.2
2026-03-09 16:00:00+00:00,0.9846652007553461,-0.02936996369564715,0.0005462649686371336,0.4
2026-03-09 16:15:00+00:00,0.9860778725691317,-0.027977427742463257,0.001434672224327416,0.6000000000000001
2026-03-09 16:30:00+00:00,0.9850567759283326,-0.028983969934437526,-0.0010355131873497126,0.6000000000000001
2026-03-09 16:45:00+00:00,0.9842767671197212,-0.02975286069816041,-0.0007918414731741929,0.6000000000000001
2026-03-09 17:00:00+00:00,0.9854290909283804,-0.02861696181661655,0.0011707314925568201,0.6000000000000001
2026-03-09 17:15:00+00:00,0.9842808930031476,-0.029748793624015057,-0.001165175592848722,0.6000000000000001
2026-03-09 17:30:00+00:00,0.9838260106141824,-0.030197192236433468,-0.0004621469259423415,0.4
2026-03-09 17:45:00+00:00,0.9857711709199073,-0.028279757745283463,0.0019771385232136398,0.4
2026-03-09 18:00:00+00:00,0.9836458471924365,-0.030374787655115698,-0.0021560010985993026,0.4
2026-03-09 18:15:00+00:00,0.9863941776385735,-0.02766563120410681,0.00279402434726026,0.4
2026-03-09 18:30:00+00:00,0.9860970989215435,-0.027958475437532382,-0.000301176470588227,0.4
2026-03-09 18:45:00+00:00,0.9859556489672463,-0.028097909200571314,-0.00014344424545196225,0.4
2026-03-09 19:00:00+00:00,0.9853449703604371,-0.028699883351625655,-0.0006193773598728968,0.4
2026-03-09 19:15:00+00:00,0.9935260494444382,-0.020635415264177004,0.008302756222532359,0.4
2026-03-09 19:30:00+00:00,0.9898331057052805,-0.024275720733344497,-0.0037170074616793666,0.6000000000000001
2026-03-09 19:45:00+00:00,0.9908507032166868,-0.023272627795072887,0.0010280495828448365,0.6000000000000001
2026-03-09 20:00:00+00:00,0.9897243977858088,-0.02438287915809889,-0.0011367054867313041,0.6000000000000001
2026-03-09 20:15:00+00:00,0.9905812078210647,-0.023538281872657607,0.0008657056824836751,0.6000000000000001
2026-03-09 20:30:00+00:00,0.989213505516212,-0.024886489300719794,-0.001380706896167805,0.6000000000000001
2026-03-09 20:45:00+00:00,0.9901225767555929,-0.023990375728912272,0.0009189838536490135,0.6000000000000001
2026-03-09 21:00:00+00:00,0.9917567536140176,-0.022379492007009838,0.0016504793414361398,0.6000000000000001
2026-03-09 21:15:00+00:00,0.9907762783528643,-0.023345991826033363,-0.0009886247384556014,0.6000000000000001
2026-03-09 21:30:00+00:00,0.9914321716785216,-0.022699447435101106,0.0006619994240754324,0.6000000000000001
2026-03-09 21:45:00+00:00,0.9916141271031241,-0.02252008555631002,0.0001835278597974277,0.6000000000000001
2026-03-09 22:00:00+00:00,0.9908370665499151,-0.023286070088304633,-0.0007836319914875656,0.6000000000000001
2026-03-09 22:15:00+00:00,0.9906767265665364,-0.023444124626810225,-0.0001618227545090667,0.6000000000000001
2026-03-09 22:30:00+00:00,0.9895753948907708,-0.02452975820420422,-0.0011116963245745403,0.4
2026-03-09 22:45:00+00:00,0.988541146877908,-0.025549264311968356,-0.0010451432181951326,0.4
2026-03-09 23:00:00+00:00,0.9890884722324991,-0.02500974039217352,0.0005536697752235309,0.4
2026-03-09 23:15:00+00:00,0.9882491127495934,-0.025837135860948268,-0.0008486192150345851,0.4
2026-03-09 23:30:00+00:00,0.9878125032928435,-0.026267521998826204,-0.0004418010106126191,0.4
2026-03-09 23:45:00+00:00,0.987753374273854,-0.02632580820799091,-5.985854480727859e-05,0.4
2026-03-10 00:00:00+00:00,0.9874053985853395,-0.02666882394056358,-0.00035229005293995196,0.4
2026-03-10 00:15:00+00:00,0.9905323309949128,-0.023586462021103927,0.0031668172100873804,0.4
2026-03-10 00:30:00+00:00,0.9907221017924107,-0.02339939616773201,0.00019158465762292298,0.4
2026-03-10 00:45:00+00:00,0.9896135662720554,-0.024492130907968312,-0.0011189167157466874,0.4
2026-03-10 01:00:00+00:00,0.9901721435404134,-0.02394151545629075,0.0005644397847759386,0.4
2026-03-10 01:15:00+00:00,0.9891011259304223,-0.02499726705680505,-0.001081647890195736,0.4
2026-03-10 01:30:00+00:00,0.988719771331452,-0.025373185925431252,-0.00038555673325282316,0.4
2026-03-10 01:45:00+00:00,0.9908271019651915,-0.023295892640401106,0.0021313730086552135,0.6000000000000001
2026-03-10 02:00:00+00:00,0.9902668401681476,-0.023848168609926113,-0.0005654485993900726,0.6000000000000001
2026-03-10 02:15:00+00:00,0.9915367908479176,-0.022596319480430838,0.0012824328032173594,0.6000000000000001
2026-03-10 02:30:00+00:00,0.9982272564145676,-0.016001218088740554,0.006747571677021292,0.6000000000000001
2026-03-10 02:45:00+00:00,0.9974644849448684,-0.016753117210145607,-0.0007641260692869967,0.6000000000000001
2026-03-10 03:00:00+00:00,0.9979463911333167,-0.01627807998852948,0.0004831311748156209,0.6000000000000001
2026-03-10 03:15:00+00:00,0.9982213330591603,-0.016007057014163828,0.0002755077109215076,0.6000000000000001
2026-03-10 03:30:00+00:00,0.9959728910031362,-0.01822345035556827,-0.002252448411549635,0.6000000000000001
2026-03-10 03:45:00+00:00,0.9916918153764915,-0.022443504631604605,-0.004298385694346374,0.6000000000000001
2026-03-10 04:00:00+00:00,0.9945004193164692,-0.019674933809630035,0.002832133830721695,0.6000000000000001
2026-03-10 04:15:00+00:00,0.9955189223234499,-0.018670948282484945,0.0010241353218139683,0.4
2026-03-10 04:30:00+00:00,0.9960427127244068,-0.018154623855149987,0.0005261481115139134,0.6000000000000001
2026-03-10 04:45:00+00:00,0.9960859566391456,-0.01811199632804672,4.341572322781316e-05,0.6000000000000001
2026-03-10 05:00:00+00:00,0.9955245219609836,-0.018665428460744038,-0.0005636407926643103,0.6000000000000001
2026-03-10 05:15:00+00:00,0.9966789250590338,-0.017527479927465173,0.0011595928302964298,0.6000000000000001
2026-03-10 05:30:00+00:00,0.9923823678960331,-0.021762795070021212,-0.004310873898277912,0.6000000000000001
2026-03-10 05:45:00+00:00,0.9925663394028759,-0.021581445845707314,0.00018538369160350232,0.6000000000000001
2026-03-10 06:00:00+00:00,0.9922968432933763,-0.021847100626994242,-0.00027151445581130584,0.6000000000000001
2026-03-10 06:15:00+00:00,0.9941306368243864,-0.020039445517202936,0.001848029189454914,0.4
2026-03-10 06:30:00+00:00,0.9929610713692989,-0.021192340287182754,-0.0011764705882352901,0.4
2026-03-10 06:45:00+00:00,0.993854881140701,-0.020311270650315683,0.0009001458336825642,0.4
2026-03-10 07:00:00+00:00,0.9935729364935689,-0.020589196530982123,-0.0002836879432624118,0.4
2026-03-10 07:15:00+00:00,0.9953063759081733,-0.018880465115839073,0.0017446524064171245,0.4
2026-03-10 07:30:00+00:00,0.993860318403292,-0.020305910889066747,-0.0014528767622550287,0.4
2026-03-10 07:45:00+00:00,0.9935783722136741,-0.020583838290232914,-0.0002836879432624118,0.4
2026-03-10 08:00:00+00:00,0.9955940876947358,-0.01859685429906388,0.0020287433155079973,0.4
2026-03-10 08:15:00+00:00,0.9955940876947358,-0.01859685429906388,0.0,0.4
2026-03-10 08:30:00+00:00,0.9980671611304194,-0.016159031415895586,0.0024840178002762396,0.2
2026-03-10 08:45:00+00:00,0.9979673544143064,-0.016257415512753948,-0.0001,0.0
2026-03-10 09:00:00+00:00,0.9979673544143064,-0.016257415512753948,0.0,0.0
2026-03-10 09:15:00+00:00,0.9978675576788649,-0.016355789771202667,-0.0001,0.2
2026-03-10 09:30:00+00:00,0.9980444218330087,-0.01618144659321097,0.00017724211272596158,0.2
2026-03-10 09:45:00+00:00,0.9978853568463522,-0.01633824430846964,-0.00015937666017356024,0.2
2026-03-10 10:00:00+00:00,0.9975796687933067,-0.016639575162650022,-0.00030633584404073913,0.6000000000000001
2026-03-10 10:15:00+00:00,0.9964479890741368,-0.017755124210245277,-0.0011344254043778035,0.6000000000000001
2026-03-10 10:30:00+00:00,0.9975068229804053,-0.0167113826500751,0.0010626083025691234,0.6000000000000001
2026-03-10 10:45:00+00:00,0.9989687057864266,-0.01527033714547854,0.0014655366483141917,0.6000000000000001
2026-03-10 11:00:00+00:00,0.9974905989572926,-0.016727375420136248,-0.0014796327658436637,0.6000000000000001
2026-03-10 11:15:00+00:00,0.9978603113075843,-0.016362932854571244,0.00037064244081925796,0.6000000000000001
2026-03-10 11:30:00+00:00,0.9973784591006813,-0.016837916864081093,-0.0004828854314002927,0.6000000000000001
2026-03-10 11:45:00+00:00,0.9975219771176755,-0.016696444515978848,0.00014389524426219324,0.6000000000000001
2026-03-10 12:00:00+00:00,0.9945287892132165,-0.01964696829009227,-0.0030006235181982755,0.6000000000000001
2026-03-10 12:15:00+00:00,0.993678357628185,-0.020485278042097654,-0.0008551100724839112,0.6000000000000001
2026-03-10 12:30:00+00:00,0.9966906535538378,-0.017515918607608705,0.003031459729929953,0.6000000000000001
2026-03-10 12:45:00+00:00,0.9969738043076882,-0.01723680381175874,0.00028409090909091715,0.6000000000000001
2026-03-10 13:00:00+00:00,0.9995281206995578,-0.014718895988600877,0.002562069716208182,0.6000000000000001
2026-03-10 13:15:00+00:00,0.9974367834808725,-0.01678042382460032,-0.0020923245433271064,0.6000000000000001
2026-03-10 13:30:00+00:00,0.9942903793541769,-0.01988197991633589,-0.0031544897669757216,0.6000000000000001
2026-03-10 13:45:00+00:00,0.9931515614596467,-0.021004565393576202,-0.0011453574510797205,0.4
2026-03-10 14:00:00+00:00,0.9893410089366592,-0.02476080328122543,-0.0038368288092775595,0.4
2026-03-10 14:15:00+00:00,0.9925766197107307,-0.02157131207071583,0.0032704706919500118,0.4
2026-03-10 14:30:00+00:00,0.9945097808415008,-0.019665705721367832,0.0019476190476190316,0.6000000000000001
2026-03-10 14:45:00+00:00,0.9999891175269328,-0.014264470091404635,0.005509585517394955,0.6000000000000001
2026-03-10 15:00:00+00:00,1.000474710547677,-0.013785798588651699,0.0004855983052546532,0.6000000000000001
2026-03-10 15:15:00+00:00,0.998967760759657,-0.015271268702079732,-0.001506234762491032,0.6000000000000001
2026-03-10 15:30:00+00:00,0.9986001714311841,-0.015633618506832647,-0.00036796916067984855,0.6000000000000001
2026-03-10 15:45:00+00:00,1.0015037887599343,-0.012771388592485389,0.002907687592912023,0.6000000000000001
2026-03-10 16:00:00+00:00,0.9973122130924175,-0.016903218618785965,-0.004185281887656967,0.6000000000000001
2026-03-10 16:15:00+00:00,1.000450394719756,-0.013809767825017083,0.00314663912277573,0.6000000000000001
2026-03-10 16:30:00+00:00,1.001667555270364,-0.012609956367763853,0.0012166125947192354,0.6000000000000001
2026-03-10 16:45:00+00:00,1.0020731950665256,-0.012210098456899465,0.00040496449548298473,0.4
2026-03-10 17:00:00+00:00,1.0021083647846993,-0.012175430038840696,3.5096955339097846e-05,0.4
2026-03-10 17:15:00+00:00,1.0029544831480206,-0.011341372028992991,0.0008443381904142289,0.4
2026-03-10 17:30:00+00:00,1.001623276600673,-0.012653603900688482,-0.0013272851058698022,0.2
2026-03-10 17:45:00+00:00,1.0024733104987782,-0.011815686167082284,0.0008486562942008558,0.2
2026-03-10 18:00:00+00:00,1.0014256552925949,-0.0128484083654824,-0.0010450704225352103,0.2
2026-03-10 18:15:00+00:00,1.001596766041043,-0.012679736585621715,0.00017086715079024374,0.2
2026-03-10 18:30:00+00:00,1.0007417965437821,-0.01352251956762296,-0.0008536064874092864,0.2
2026-03-10 18:45:00+00:00,1.0010563603318083,-0.013212439490904782,0.0003143306186597972,0.2
2026-03-10 19:00:00+00:00,1.001027799522669,-0.0132405932016183,-2.8530670470749977e-05,0.2
2026-03-10 19:15:00+00:00,0.9997138523468083,-0.014535811712467872,-0.0013125980881723454,0.2
2026-03-10 19:30:00+00:00,1.0005614770301487,-0.013700268853299002,0.0008478672985781867,0.4
2026-03-10 19:45:00+00:00,1.0006897605598466,-0.013573813844030558,0.00012821154186206665,0.4
2026-03-10 20:00:00+00:00,1.001754048428432,-0.012524696060919216,0.0010635542707962743,0.4
2026-03-10 20:15:00+00:00,1.0023589232083745,-0.011928443010476464,0.0006038156580365329,0.4
2026-03-10 20:30:00+00:00,1.0024299524656766,-0.011858426185934579,7.086209905198261e-05,0.4
2026-03-10 20:45:00+00:00,1.0022126823289381,-0.01207259941004013,-0.00021674346043241144,0.4
2026-03-10 21:00:00+00:00,1.0018252871597824,-0.012454472748118173,-0.0003865398791955244,0.4
2026-03-10 21:15:00+00:00,1.0006980135430255,-0.013565678496750722,-0.0011252197675632124,0.4
2026-03-10 21:30:00+00:00,0.9995484983344716,-0.014698808811252628,-0.0011487133910497828,0.4
2026-03-10 21:45:00+00:00,0.9990168792687236,-0.015222850315604775,-0.0005318592010630674,0.4
2026-03-10 22:00:00+00:00,0.9983251820321517,-0.015904688277716628,-0.000692377927666521,0.4
2026-03-10 22:15:00+00:00,0.9997816149805667,-0.014469014949858083,0.0014588763006561757,0.4
2026-03-10 22:30:00+00:00,0.9992782744306309,-0.014965181013087414,-0.0005034504959821718,0.4
2026-03-10 22:45:00+00:00,0.9988614036633988,-0.01537610981164983,-0.00041717185082372764,0.4
2026-03-10 23:00:00+00:00,0.9988614930662986,-0.015376021683076058,8.950480963054798e-08,0.4
2026-03-10 23:15:00+00:00,0.9993943154571818,-0.01485079400547551,0.0005334297043002589,0.4
2026-03-10 23:30:00+00:00,1.0000994406822146,-0.014155719453995852,0.0007055525673168806,0.4
2026-03-10 23:45:00+00:00,1.000271146447864,-0.013986461138156048,0.00017168869280861362,0.4
2026-03-11 00:00:00+00:00,0.9999418450216581,-0.014311068786550751,-0.0003292121614976829,0.4
2026-03-11 00:15:00+00:00,1.0000282418388973,-0.014225903447317556,8.64018419363788e-05,0.4
2026-03-11 00:30:00+00:00,0.9983608465593643,-0.015869532103499617,-0.0016673481905540744,0.4
2026-03-11 00:45:00+00:00,1.0002641690573977,-0.01399333907469369,0.0019064474579435055,0.4
2026-03-11 01:00:00+00:00,1.000293210106575,-0.01396471196916016,2.9033379456855353e-05,0.4
2026-03-11 01:15:00+00:00,1.000680819522356,-0.013582627438272987,0.0003874957980970262,0.4
2026-03-11 01:30:00+00:00,0.9997614624045574,-0.014488880276233518,-0.0009187316273708613,0.4
2026-03-11 01:45:00+00:00,1.0008271318400022,-0.013438400618761337,0.0010659236983206256,0.2
2026-03-11 02:00:00+00:00,1.0001391796371049,-0.014116546927945062,-0.0006873836459974081,0.2
2026-03-11 02:15:00+00:00,0.9999092295455084,-0.014343219370094196,-0.00022991809167984825,0.2
2026-03-11 02:30:00+00:00,0.9991324334241525,-0.01510894323937928,-0.000776866637893825,0.2
2026-03-11 02:45:00+00:00,1.000315692516307,-0.013942550017912336,0.001184286539572499,0.2
2026-03-11 03:00:00+00:00,0.9999422796231926,-0.014310640379714634,-0.0003732950466618812,0.2
2026-03-11 03:15:00+00:00,0.9991368025279841,-0.015104636411629735,-0.0008055235903337232,0.2
2026-03-11 03:30:00+00:00,1.000233486482232,-0.014023584308326509,0.0010976314269208753,0.2
2026-03-11 03:45:00+00:00,0.9998886774664956,-0.014363478505060145,-0.000344728526285576,0.2
2026-03-11 04:00:00+00:00,0.9998174623736401,-0.014433678516303283,-7.122302158274466e-05,0.4
2026-03-11 04:15:00+00:00,1.0021643202615975,-0.0121202721369148,0.0023472863560372926,0.4
2026-03-11 04:30:00+00:00,1.0017628236101837,-0.012516045958350652,-0.00040062956073829705,0.4
2026-03-11 04:45:00+00:00,1.0033923282735178,-0.010909767835272088,0.001626637188892266,0.4
2026-03-11 05:00:00+00:00,1.002333112406296,-0.0119538859120224,-0.0010556348074179712,0.4
2026-03-11 05:15:00+00:00,1.0013368085438075,-0.01293598871556978,-0.0009939847842565853,0.4
2026-03-11 05:30:00+00:00,0.998214055427989,-0.01601423091185261,-0.003118584165861005,0.6000000000000001
2026-03-11 05:45:00+00:00,0.9982709242469253,-0.01595817268643107,5.6970565207947765e-05,0.6000000000000001
2026-03-11 06:00:00+00:00,0.9985035848115543,-0.01572882840563461,0.00023306354916068366,0.6000000000000001
2026-03-11 06:15:00+00:00,1.0001105166683197,-0.014144801342147129,0.0016093400977311488,0.6000000000000001
2026-03-11 06:30:00+00:00,1.0010892253814638,-0.013180042891211996,0.0009786005614704331,0.6000000000000001
2026-03-11 06:45:00+00:00,1.0011710057978007,-0.013099428151890358,8.169143595135873e-05,0.6000000000000001
2026-03-11 07:00:00+00:00,1.0022283802558483,-0.012057125237341593,0.001056137714660421,0.6000000000000001
2026-03-11 07:15:00+00:00,1.0012896352804455,-0.012982489583371892,-0.0009366577457756487,0.6000000000000001
2026-03-11 07:30:00+00:00,0.9980245547234387,-0.016201030522112303,-0.0032608752172814896,0.6000000000000001
2026-03-11 07:45:00+00:00,0.999143098537949,-0.015098430143371089,0.0011207578102327086,0.6000000000000001
2026-03-11 08:00:00+00:00,0.998330671820982,-0.015899276738923995,-0.0008131234836690759,0.8
2026-03-11 08:15:00+00:00,0.9964129060644342,-0.01778970715575323,-0.001920972490056494,0.8
2026-03-11 08:30:00+00:00,0.9992008631866708,-0.015041488857091334,0.0027979937887880005,0.8
2026-03-11 08:45:00+00:00,0.9987760226243699,-0.015460273851313988,-0.000425180339562492,0.8
2026-03-11 09:00:00+00:00,0.9980207103298392,-0.01620482011871449,-0.0007562379126263563,0.8
2026-03-11 09:15:00+00:00,0.9986580709087377,-0.015576544313536611,0.0006386246019762566,0.8
2026-03-11 09:30:00+00:00,0.9995778739507345,-0.014669851907466613,0.0009210390110398815,0.8
2026-03-11 09:45:00+00:00,0.9975125738381628,-0.016705713763564556,-0.0020661722977207806,0.6000000000000001
2026-03-11 10:00:00+00:00,0.9992616555799242,-0.014981562982971486,0.00175344330250522,0.6000000000000001
2026-03-11 10:15:00+00:00,0.9984507364028283,-0.015780923526738766,-0.0008115183571466789,0.6000000000000001
2026-03-11 10:30:00+00:00,1.0007677364995426,-0.013496949353318355,0.002320595310552731,0.6000000000000001
2026-03-11 10:45:00+00:00,0.9990303099266804,-0.015209611094791242,-0.0017360937103542363,0.6000000000000001
2026-03-11 11:00:00+00:00,0.999508238413475,-0.014738494877692854,0.00047839237913586144,0.4
2026-03-11 11:15:00+00:00,0.9973765203146028,-0.016839828015201674,-0.0021327669117124693,0.4
2026-03-11 11:30:00+00:00,0.9975046809765425,-0.01671349412236589,0.00012849777323737928,0.4
2026-03-11 11:45:00+00:00,0.9968753404838129,-0.017333864157619838,-0.0006309148264984189,0.4
2026-03-11 12:00:00+00:00,0.9986413168987268,-0.015593059516198937,0.0017715117860743314,0.4
2026-03-11 12:15:00+00:00,1.0019092145198332,-0.012371741667065894,0.0032723436991918486,0.4
2026-03-11 12:30:00+00:00,1.0015386466434306,-0.012737027564292625,-0.0003698617310153862,0.4
2026-03-11 12:45:00+00:00,1.0023138315350426,-0.011972891958697218,0.0007739939883597891,0.2
2026-03-11 13:00:00+00:00,1.0035698639053872,-0.01073476275062557,0.0012531328320802171,0.2
2026-03-11 13:15:00+00:00,1.0038198190396102,-0.010488370412580883,0.00024906600249066104,0.2
2026-03-11 13:30:00+00:00,1.0048186447301968,-0.009503781726424299,0.0009950248756218638,0.2
2026-03-11 13:45:00+00:00,1.0045699272438775,-0.00974895405768006,-0.00024752475247524774,0.2
2026-03-11 14:00:00+00:00,1.0048188912902825,-0.009503538680742607,0.00024783147459728205,0.2
2026-03-11 14:15:00+00:00,1.0053163263849807,-0.00901319389791122,0.0004950495049504955,0.2
2026-03-11 14:30:00+00:00,1.0055645526384092,-0.008768505797639103,0.00024691358024693245,0.2
2026-03-11 14:45:00+00:00,1.0048206084564324,-0.009501845990637192,-0.0007398273736128447,0.2
2026-03-11 15:00:00+00:00,1.0038257365668715,-0.010482537232230804,-0.000990099009900991,0.2
2026-03-11 15:15:00+00:00,1.0047241855718883,-0.009596894488191343,0.0008950248756218638,0.0
2026-03-11 15:30:00+00:00,1.0047241855718883,-0.009596894488191343,0.0,0.0
2026-03-11 15:45:00+00:00,1.0047241855718883,-0.009596894488191343,0.0,0.0
2026-03-11 16:00:00+00:00,1.0047241855718883,-0.009596894488191343,0.0,0.0
2026-03-11 16:15:00+00:00,1.0047241855718883,-0.009596894488191343,0.0,0.0
2026-03-11 16:30:00+00:00,1.0047241855718883,-0.009596894488191343,0.0,0.0
2026-03-11 16:45:00+00:00,1.0047241855718883,-0.009596894488191343,0.0,0.0
2026-03-11 17:00:00+00:00,1.0047241855718883,-0.009596894488191343,0.0,0.0
2026-03-11 17:15:00+00:00,1.0047241855718883,-0.009596894488191343,0.0,0.0
2026-03-11 17:30:00+00:00,1.004623713153331,-0.009695934798742534,-0.0001,0.2
2026-03-11 17:45:00+00:00,1.0045161229297002,-0.009801991459005066,-0.00010709504685408878,0.2
2026-03-11 18:00:00+00:00,1.0048928501121543,-0.009430634048890663,0.00037503348513263647,0.2
2026-03-11 18:15:00+00:00,1.0049824127547669,-0.009342348009144574,8.912655971480277e-05,0.2
2026-03-11 18:30:00+00:00,1.0045237916047147,-0.009794432091311367,-0.00045634743875279095,0.4
2026-03-11 18:45:00+00:00,1.0061867248211043,-0.00815520189717256,0.0016554443312220446,0.4
2026-03-11 19:00:00+00:00,1.0046408185523847,-0.009679073215646317,-0.001536400978649699,0.6000000000000001
2026-03-11 19:15:00+00:00,1.0056182657631778,-0.00871555828593229,0.0009729320098715078,0.4
2026-03-11 19:30:00+00:00,1.0058681088105723,-0.008469276437059303,0.00024844720496894904,0.4
2026-03-11 19:45:00+00:00,1.0055807179223406,-0.008752570929505987,-0.00028571428571428915,0.4
2026-03-11 20:00:00+00:00,1.0058684377271825,-0.008468952208741887,0.00028612303290413975,0.4
2026-03-11 20:15:00+00:00,1.0053692474355065,-0.008961027170424907,-0.000496277915632759,0.4
2026-03-11 20:30:00+00:00,1.0053692474355065,-0.008961027170424907,0.0,0.4
2026-03-11 20:45:00+00:00,1.005806050719769,-0.008530449967801723,0.000434470504619744,0.2
2026-03-11 21:00:00+00:00,1.0060930139296747,-0.008247577057664324,0.00028530670470754415,0.2
2026-03-11 21:15:00+00:00,1.0054191322556723,-0.008911853395652147,-0.0006698005698005605,0.4
2026-03-11 21:30:00+00:00,1.0060886835083314,-0.008251845754295828,0.0006659424225964107,0.4
2026-03-11 21:45:00+00:00,1.0065182280126757,-0.007828423866809375,0.0004269449715370133,0.4
2026-03-11 22:00:00+00:00,1.0072367897094268,-0.007120104363622537,0.0007139082798031327,0.4
2026-03-11 22:15:00+00:00,1.0055672158943925,-0.008765880503021406,-0.0016575782696697239,0.4
2026-03-11 22:30:00+00:00,1.005136770950609,-0.009190189995314957,-0.0004280618311533813,0.4
2026-03-11 22:45:00+00:00,1.0056098017933146,-0.008723901612546547,0.00047061340941513275,0.2
2026-03-11 23:00:00+00:00,1.0054660063021144,-0.008865647479808891,-0.00014299332697804702,0.2
2026-03-11 23:15:00+00:00,1.0052215819042551,-0.00910658791518304,-0.00024309563558312365,0.4
2026-03-11 23:30:00+00:00,1.0061448006213964,-0.008196528520123425,0.0009184230957242079,0.4
2026-03-11 23:45:00+00:00,1.0060967057456496,-0.008243937863884554,-4.7801147227555246e-05,0.4
2026-03-12 00:00:00+00:00,1.0052789364892463,-0.00905005084769106,-0.0008128137700214922,0.4
2026-03-12 00:15:00+00:00,1.0053271975999756,-0.009002477638418105,4.80076812289898e-05,0.4
2026-03-12 00:30:00+00:00,1.0045574795402257,-0.0097612243349664,-0.000765639347654612,0.4
2026-03-12 00:45:00+00:00,1.0055753457949415,-0.008757866483983245,0.0010132483958823935,0.4
2026-03-12 01:00:00+00:00,1.0024918993100258,-0.011797362315967952,-0.0030663505204356458,0.4
2026-03-12 01:15:00+00:00,1.002391650120095,-0.011896182579736236,-0.0001,0.6000000000000001
2026-03-12 01:30:00+00:00,1.0026006379858485,-0.011690173573255636,0.0002084892324558663,0.6000000000000001
2026-03-12 01:45:00+00:00,1.0032017539635651,-0.011097625748038853,0.0005995567476640762,0.6000000000000001
2026-03-12 02:00:00+00:00,1.002689275696743,-0.011602799281488885,-0.0005108426742651107,0.6000000000000001
2026-03-12 02:15:00+00:00,1.001485688041638,-0.012789231307799631,-0.00120035955732003,0.6000000000000001
2026-03-12 02:30:00+00:00,0.9983847691092119,-0.01584595053952309,-0.003096318768658457,0.6000000000000001
2026-03-12 02:45:00+00:00,0.9971872069221697,-0.01702644298324285,-0.0011994996559400617,0.6000000000000001
2026-03-12 03:00:00+00:00,0.9959930629246282,-0.018203565959455714,-0.001197512351995811,0.6000000000000001
2026-03-12 03:15:00+00:00,0.9955356047909484,-0.01865450360258636,-0.00045929851392394476,0.6000000000000001
2026-03-12 03:30:00+00:00,0.9970953275791841,-0.017117012701710954,0.0015667172331451872,0.6000000000000001
2026-03-12 03:45:00+00:00,0.9961941059128842,-0.018005388586232907,-0.0009038470458867521,0.6000000000000001
2026-03-12 04:00:00+00:00,0.9962336243971864,-0.01796643338823911,3.9669462073532814e-05,0.8
2026-03-12 04:15:00+00:00,0.9956804430517481,-0.018511729829094103,-0.0005552727110301082,0.8
2026-03-12 04:30:00+00:00,0.9944436068013908,-0.019730936533734367,-0.0012422020126923393,0.8
2026-03-12 04:45:00+00:00,0.9939258933838466,-0.020241270597414762,-0.0005206061097918103,0.8
2026-03-12 05:00:00+00:00,0.99599023008803,-0.018206358417529822,0.0020769523340973704,0.8
2026-03-12 05:15:00+00:00,0.994764886484807,-0.019414236288271325,-0.001230276729837665,0.8
2026-03-12 05:30:00+00:00,0.9972418266772773,-0.01697260176407278,0.002489975496846397,0.4
2026-03-12 05:45:00+00:00,0.9970311912292582,-0.017180234868605093,-0.00021121802393804235,0.4
2026-03-12 06:00:00+00:00,0.9970311912292582,-0.017180234868605093,0.0,0.4
2026-03-12 06:15:00+00:00,0.9960803296352109,-0.01811754312611491,-0.0009536929259706284,0.4
2026-03-12 06:30:00+00:00,0.9962672991949735,-0.017933238582356292,0.00018770530267477883,0.4
2026-03-12 06:45:00+00:00,0.995215814720848,-0.01896973546729852,-0.0010554240563502403,0.4
2026-03-12 07:00:00+00:00,0.9960406702655353,-0.01815663720133809,0.000828820776847028,0.4
2026-03-12 07:15:00+00:00,0.9967419427393199,-0.017465360484981485,0.0007040600797934894,0.4
2026-03-12 07:30:00+00:00,0.9973246964476569,-0.01689091319808067,0.0005846585594013299,0.4
2026-03-12 07:45:00+00:00,0.9974409754142476,-0.016776291641965146,0.00011659088259299289,0.4
2026-03-12 08:00:00+00:00,0.9968598515646704,-0.01734913230169366,-0.0005826147751107014,0.4
2026-03-12 08:15:00+00:00,0.9986813156857451,-0.015553630861600554,0.0018272018059668938,0.4
2026-03-12 08:30:00+00:00,0.9976569620627165,-0.016563383611617577,-0.001025706205713206,0.4
2026-03-12 08:45:00+00:00,0.9989897450474584,-0.015249597772660772,0.0013359130797686801,0.4
2026-03-12 09:00:00+00:00,0.99826920800473,-0.015959864465751705,-0.000721265704979035,0.4
2026-03-12 09:15:00+00:00,0.99826920800473,-0.015959864465751705,0.0,0.4
2026-03-12 09:30:00+00:00,1.003857354056863,-0.010451370409807481,0.0055978347396911324,0.4
2026-03-12 09:45:00+00:00,1.0019426747717315,-0.012338758348990009,-0.0019073220686123492,0.4
2026-03-12 10:00:00+00:00,1.0006729864503594,-0.013590348859676471,-0.0012672265123964356,0.4
2026-03-12 10:15:00+00:00,1.0041689575912291,-0.01014420839205532,0.0034936199819591515,0.2
2026-03-12 10:30:00+00:00,1.0045552138574692,-0.009763457723263813,0.0003846526655896799,0.0
2026-03-12 10:45:00+00:00,1.0045552138574692,-0.009763457723263813,0.0,0.0
2026-03-12 11:00:00+00:00,1.0045552138574692,-0.009763457723263813,0.0,0.0
2026-03-12 11:15:00+00:00,1.0045552138574692,-0.009763457723263813,0.0,0.0
2026-03-12 11:30:00+00:00,1.0045552138574692,-0.009763457723263813,0.0,0.0
2026-03-12 11:45:00+00:00,1.0044547583360834,-0.009862481377491461,-0.0001,0.2
2026-03-12 12:00:00+00:00,1.004596851242907,-0.00972241382640604,0.0001414627245720723,0.2
2026-03-12 12:15:00+00:00,1.0053921215803343,-0.008938479067772676,0.000791631325982456,0.2
2026-03-12 12:30:00+00:00,1.0054487474390545,-0.008882660339474713,5.632216277104974e-05,0.2
2026-03-12 12:45:00+00:00,1.0057601195173718,-0.008575726478656565,0.0003096846846846635,0.2
2026-03-12 13:00:00+00:00,1.0058291727595903,-0.008507657503587618,6.865776528462994e-05,0.4
2026-03-12 13:15:00+00:00,1.003525433954945,-0.010778559407984334,-0.002290387738829036,0.4
2026-03-12 13:30:00+00:00,1.0034481642277417,-0.010854727752374949,-7.699827487065427e-05,0.6000000000000001
2026-03-12 13:45:00+00:00,1.0018606582168794,-0.01241960586096924,-0.0015820508397501598,0.6000000000000001
2026-03-12 14:00:00+00:00,1.0041254412814165,-0.010187104431583105,0.0022605769035466848,0.6000000000000001
2026-03-12 14:15:00+00:00,0.9971494228985556,-0.017063688443104907,-0.006947357467567462,0.4
2026-03-12 14:30:00+00:00,0.9952914436409648,-0.018895184542352395,-0.001863290711426058,0.4
2026-03-12 14:45:00+00:00,0.9969576319586341,-0.017252745644310008,0.0016740707742587512,0.2
2026-03-12 15:00:00+00:00,0.9975570052844609,-0.016661915631671298,0.0006012024048096088,0.2
2026-03-12 15:15:00+00:00,0.9991515019962043,-0.015090146465847831,0.0015984015984015889,0.2
2026-03-12 15:30:00+00:00,0.9991232094434082,-0.015118035743875158,-2.831657935722376e-05,0.2
2026-03-12 15:45:00+00:00,0.9987836603492897,-0.01545274499256033,-0.0003398470688190214,0.2
2026-03-12 16:00:00+00:00,0.9981886402963156,-0.016039283782777636,-0.0005957446808510625,0.2
2026-03-12 16:15:00+00:00,0.9988986905454948,-0.015339354407178596,0.000711338739507772,0.2
2026-03-12 16:30:00+00:00,1.0011494837304602,-0.013120643449219815,0.0022532747377374544,0.0
2026-03-12 16:45:00+00:00,1.0011494837304602,-0.013120643449219815,0.0,0.0
2026-03-12 17:00:00+00:00,1.0011494837304602,-0.013120643449219815,0.0,0.0
2026-03-12 17:15:00+00:00,1.0011494837304602,-0.013120643449219815,0.0,0.0
2026-03-12 17:30:00+00:00,1.0011494837304602,-0.013120643449219815,0.0,0.0
2026-03-12 17:45:00+00:00,1.0011494837304602,-0.013120643449219815,0.0,0.0
2026-03-12 18:00:00+00:00,1.0011494837304602,-0.013120643449219815,0.0,0.0
2026-03-12 18:15:00+00:00,1.0009492538337141,-0.013318019320530006,-0.0002,0.4
2026-03-12 18:30:00+00:00,1.0005535606822826,-0.013708072363579293,-0.0003953178944045899,0.4
2026-03-12 18:45:00+00:00,0.9999406185312003,-0.014312277794929051,-0.0006126030381265802,0.4
2026-03-12 19:00:00+00:00,0.9999138773329955,-0.014338637830974221,-2.67427862307379e-05,0.4
2026-03-12 19:15:00+00:00,1.0016248671341133,-0.012652036038302672,0.001711137168814414,0.4
2026-03-12 19:30:00+00:00,1.0018301181053766,-0.012449710661579627,0.0002049180067289491,0.4
2026-03-12 19:45:00+00:00,1.001852927791087,-0.012427226099261168,2.276801754927949e-05,0.4
2026-03-12 20:00:00+00:00,1.0011243364076983,-0.01314543232851273,-0.0007272438530425918,0.4
2026-03-12 20:15:00+00:00,1.0008315330053221,-0.013434062186519657,-0.00029247456257719406,0.4
2026-03-12 20:30:00+00:00,1.0003990819791324,-0.013860349167036823,-0.00043209172765683594,0.4
2026-03-12 20:45:00+00:00,1.0004732965627916,-0.013787192418960315,7.418497777149648e-05,0.4
2026-03-12 21:00:00+00:00,1.0012976385997967,-0.012974600341275733,0.0008239520633256171,0.4
2026-03-12 21:15:00+00:00,1.0009444282851225,-0.013322776086993393,-0.00035275256932414405,0.4
2026-03-12 21:30:00+00:00,1.0011773226890928,-0.013093201299941626,0.000232674659440546,0.4
2026-03-12 21:45:00+00:00,1.0014839251166348,-0.012790969104523486,0.0003062418820259705,0.4
2026-03-12 22:00:00+00:00,1.001410180403958,-0.012863662679037824,-7.363544319332061e-05,0.4
2026-03-12 22:15:00+00:00,1.0012887206899517,-0.01298339113752811,-0.00012128867509342281,0.4
2026-03-12 22:30:00+00:00,1.0008456636851457,-0.013420132921770911,-0.00044248676295950424,0.4
2026-03-12 22:45:00+00:00,1.0019996565807043,-0.01228258874406285,0.0011530178302511464,0.4
2026-03-12 23:00:00+00:00,1.0038897200833234,-0.010419465720361565,0.0018862915672734903,0.4
2026-03-12 23:15:00+00:00,1.0037616507066254,-0.010545709629112054,-0.00012757315284326332,0.4
2026-03-12 23:30:00+00:00,1.0034216808999428,-0.010880833593632677,-0.0003386957515694732,0.6000000000000001
2026-03-12 23:45:00+00:00,1.0031285396869694,-0.011169796447171532,-0.00029214159764872076,0.6000000000000001
2026-03-13 00:00:00+00:00,1.0064495479707822,-0.00789612496105474,0.0033106507814533955,0.4
2026-03-13 00:15:00+00:00,1.0089474268830425,-0.005433850172191224,0.0024818719599969175,0.4
2026-03-13 00:30:00+00:00,1.0091555031482262,-0.005228739772560553,0.0002062310281384372,0.4
2026-03-13 00:45:00+00:00,1.0088130332166816,-0.005566328225806716,-0.00033936289350482434,0.4
2026-03-13 01:00:00+00:00,1.0099090235055874,-0.004485959900518255,0.0010864156715057582,0.4
2026-03-13 01:15:00+00:00,1.009368037938119,-0.005019234398885075,-0.0005356775262692181,0.4
2026-03-13 01:30:00+00:00,1.0098852858789649,-0.004509359177117811,0.0005124473149579867,0.4
2026-03-13 01:45:00+00:00,1.009508762429694,-0.004880515758009407,-0.00037283784062975834,0.4
2026-03-13 02:00:00+00:00,1.0099265895537173,-0.004468644234319252,0.00041389152781368127,0.4
2026-03-13 02:15:00+00:00,1.010073650163933,-0.004323679788208024,0.0001456151484048096,0.4
2026-03-13 02:30:00+00:00,1.0085031266909827,-0.005871817423616532,-0.001554860353693277,0.4
2026-03-13 02:45:00+00:00,1.0081872533696792,-0.006183188367861581,-0.00031321005651212546,0.4
2026-03-13 03:00:00+00:00,1.0086025188406142,-0.00577384198411568,0.00041189319697039207,0.4
2026-03-13 03:15:00+00:00,1.0092582769858436,-0.005127430846784353,0.0006501650878119047,0.4
2026-03-13 03:30:00+00:00,1.010544123392254,-0.0038599125642466703,0.001274050890373557,0.4
2026-03-13 03:45:00+00:00,1.0116919744566704,-0.0027284226735999617,0.0011358742659975274,0.4
2026-03-13 04:00:00+00:00,1.010888227304383,-0.003520713420755106,-0.0007944583653725079,0.4
2026-03-13 04:15:00+00:00,1.010447524095361,-0.003955134959613638,-0.00043595641646486654,0.6000000000000001
2026-03-13 04:30:00+00:00,1.01225241010537,-0.0021759753304559926,0.0017862243876789032,0.6000000000000001
2026-03-13 04:45:00+00:00,1.0112174663721654,-0.0031961672419430487,-0.0010224166649274945,0.8
2026-03-13 05:00:00+00:00,1.0086492953457593,-0.005727732219241055,-0.002539682226434925,0.8
2026-03-13 05:15:00+00:00,1.0096176060371589,-0.004773223579323527,0.0009600073046871385,0.6000000000000001
2026-03-13 05:30:00+00:00,1.0114267952754101,-0.002989822059031977,0.0017919549217772167,0.6000000000000001
2026-03-13 05:45:00+00:00,1.0110596284671276,-0.003351755366088671,-0.00036301866827904695,0.8
2026-03-13 06:00:00+00:00,1.0099743427569423,-0.004421571692967752,-0.0010734141485114757,0.8
2026-03-13 06:15:00+00:00,1.0063758135738068,-0.007968808366904945,-0.0035629906927264754,0.8
2026-03-13 06:30:00+00:00,1.0073945663770416,-0.006964576604037265,0.0010122985762317071,0.8
2026-03-13 06:45:00+00:00,1.0071760100936389,-0.007180017642403502,-0.00021695201731017908,0.8
2026-03-13 07:00:00+00:00,1.0082429876313832,-0.006128248527985436,0.0010593754488305686,0.8
2026-03-13 07:15:00+00:00,1.0086656564030168,-0.005711604368284551,0.0004192132023911888,0.6000000000000001
2026-03-13 07:30:00+00:00,1.006186915893668,-0.008155013548107881,-0.002457445134186509,0.6000000000000001
2026-03-13 07:45:00+00:00,1.0075157434863238,-0.00684512672209614,0.001320656800108866,0.6000000000000001
2026-03-13 08:00:00+00:00,1.0060132665638795,-0.008326187725023693,-0.0014912689277146065,0.6000000000000001
2026-03-13 08:15:00+00:00,1.007183350146256,-0.0071727822130081,0.0011630896144870563,0.6000000000000001
2026-03-13 08:30:00+00:00,1.0075850172787093,-0.006776840340525503,0.00039880239520957456,0.2
2026-03-13 08:45:00+00:00,1.0074842587769814,-0.006876162656491491,-0.0001,0.0
